image_id,image_path,face_confidence,detection_time,original_size,face_region_size,processed_size,face_box,min_face_size,thresholds,scale_factor,ssim_score,psnr_score,mse_score,mae_score,original_blur,processed_blur,blur_degradation,original_sharpness,processed_sharpness,sharpness_degradation,original_contrast,processed_contrast,contrast_change,histogram_correlation,edge_preservation,mean_pixel_diff,std_pixel_diff,quality_category,size_reduction_ratio
sample_000,/fake/path/sample_000.jpg,0.8505169984129918,0.09190821536272646,778167,91090,25600,"[199, 102, 101, 187]",40,"[0.6, 0.7, 0.7]",0.709,0.9009215808670811,32.55015770344326,178.6429543354675,4.7737525049789395,20.067898874966335,20.261142283225706,0.11967753721736135,999.4801320323235,107.95747174529271,6.0336925934398185,39.87168879665576,53.142473325952736,-4.540120377606055,0.8174400320691076,0.7976554235368857,-5.154356620924533,1.0089589631895637,Good,0.2810407289493907
sample_001,/fake/path/sample_001.jpg,0.5806001604713534,0.2400422887393024,960337,69457,25600,"[183, 103, 205, 103]",40,"[0.6, 0.7, 0.7]",0.709,0.7940724303840585,30.55793783488613,20.438859950790576,69.85614265472452,149.22453771381407,280.50944192915824,3.4177361406707507,982.5807987453142,1541.9254906236486,0.2799497715478327,39.90914657134893,34.167057864631126,3.8685020841684095,0.7446174062329908,0.7210188114477658,6.116762888408679,25.34845166229189,Fair,0.36857336193616197
sample_002,/fake/path/sample_002.jpg,0.7448476794269602,0.040181880125130104,851279,177478,25600,"[111, 86, 198, 271]",40,"[0.6, 0.7, 0.7]",0.709,0.844251043695608,31.266596122209734,101.488935892602,43.645038248030296,63.90661333763098,12.73723936155019,9.942647858291114,1632.3670244324157,1459.6070383727586,2.928903575137122,83.72296253626672,40.79609194932624,-1.9931919500760062,0.8080383699079832,0.7808514560849769,3.5711257151174642,21.13123721307875,Fair,0.1442432301468351
sample_003,/fake/path/sample_003.jpg,0.8162663832523979,0.2230813405235561,1701482,68047,25600,"[141, 178, 220, 126]",40,"[0.6, 0.7, 0.7]",0.709,0.9498367016982031,34.65423625328343,55.70576927486144,34.0765945327789,197.13449718798333,0.6976409181650647,3.255937881481113,25.90702731911601,1076.8530045996786,0.6194864290759172,54.52936326533509,48.33939091648935,1.074694150473775,0.6214999420018559,0.9624732302765362,-0.2651387544921688,0.563767166482838,Good,0.37621056034799477
sample_004,/fake/path/sample_004.jpg,0.4299170571403787,0.424403698261526,1619043,148506,25600,"[172, 194, 137, 123]",40,"[0.6, 0.7, 0.7]",0.709,0.7978612160460385,31.560319005588,63.54456681783398,81.99495171985943,50.886827802519676,169.51694172789828,0.7826543049273488,578.9392270042705,1102.0962618729625,5.37817687578909,45.83543636448625,58.57503251588113,3.5906413991235535,0.855500571126074,0.5670110897471772,0.6564915811122479,19.93261995056838,Fair,0.17238360739633415
sample_005,/fake/path/sample_005.jpg,0.9626338669675081,0.08171095395863777,1840575,57400,25600,"[148, 196, 147, 230]",40,"[0.6, 0.7, 0.7]",0.709,0.8551319878156254,32.34059674010447,194.0196545963571,10.367350756805276,218.72058219415274,190.3328878686407,11.173973056250375,1515.0726972505308,2603.11986918127,10.093383117541162,48.57009065292473,30.654298044989503,0.7532952174164036,0.8211472920929238,0.6111369377460412,9.584138362132984,11.730995006583754,Good,0.445993031358885
sample_006,/fake/path/sample_006.jpg,0.8961606939566247,0.043090355059108076,860032,157455,25600,"[110, 97, 246, 103]",40,"[0.6, 0.7, 0.7]",0.709,0.9234680011156697,34.296068197560686,2.4616481080688613,20.73937572590548,19.493357022482268,282.1083147273303,4.73102396501144,755.7469254808728,1408.3927540772759,1.7095746074416867,45.47537767655331,57.77049794903608,5.227855841731585,0.7752953926024428,0.8062513452801009,1.537251059455279,69.15854621769476,Good,0.1625861357213172
sample_007,/fake/path/sample_007.jpg,0.9380855082669223,0.16573745072597124,735362,79592,25600,"[62, 109, 234, 156]",40,"[0.6, 0.7, 0.7]",0.709,0.9886739392254944,36.8810828885797,98.85776341980907,4.3202297389392905,7.358294369751587,50.54796509997536,0.8909846846298982,878.2371057125862,596.0126424025221,1.0426862528012855,40.86587462677585,45.44966826012434,-2.0638080659505325,0.8132285315585398,0.3754775384429176,-1.512359654922292,7.948952000990642,Excellent,0.32164036586591616
sample_008,/fake/path/sample_008.jpg,0.655130510970067,0.02037499222681897,1816669,182222,25600,"[186, 189, 228, 157]",40,"[0.6, 0.7, 0.7]",0.709,0.7983869127590479,26.98653915602623,246.76216316763887,11.680555039828942,27.415709425348172,9.857612629574012,6.813722112964472,1020.8343694814232,3284.4719024108053,2.3106408078397966,38.164268320554626,52.289704322304374,-1.6969314658909842,0.8087360693740602,0.8049448841610353,10.96796254441404,15.73763568670944,Fair,0.14048797620484904
sample_009,/fake/path/sample_009.jpg,0.6861272773495342,0.2880469826326727,1118992,99115,25600,"[177, 133, 251, 239]",40,"[0.6, 0.7, 0.7]",0.709,0.99,34.96832704201584,49.13006922239072,20.61654315689964,61.29559740510913,78.88143605763202,5.759492090820595,739.1461002798299,1273.6975452494523,7.6538016700357705,52.809918677350325,43.77300480179406,-1.0406112517863761,0.8662179275386623,0.6905138356791979,5.813141340357241,4.970007934601078,Excellent,0.2582858295918882
sample_010,/fake/path/sample_010.jpg,0.9147860281322074,0.2670137924399327,561476,94811,25600,"[162, 62, 122, 198]",40,"[0.6, 0.7, 0.7]",0.709,0.8393129264364627,29.345118320165547,10.883751880671802,46.568913617352635,70.37074897567544,175.133255752333,2.995909006687174,1355.5913652284078,648.6728088886234,1.2502010127922594,53.24166352488442,48.698569456323156,0.48497982496359093,0.9733322183047107,0.6190530769698283,6.670561034697914,1.4345541981047916,Fair,0.27001086371834493
sample_011,/fake/path/sample_011.jpg,0.7411592276656747,0.1433430547079094,731915,51542,25600,"[190, 186, 277, 126]",40,"[0.6, 0.7, 0.7]",0.709,0.8698351814565725,34.00432973188397,122.4999753130005,1.6969750116062412,8.86538677778067,431.54585620580923,0.6225298877622544,204.5327375469543,214.98453930406032,0.4629229636263581,42.81555778747564,47.86552848288153,1.554537827990023,0.9055393185851695,0.5915482566908102,7.708631014640396,49.120803136535656,Good,0.4966823173334368
sample_012,/fake/path/sample_012.jpg,0.822660405627595,0.08071096637333489,775987,164065,25600,"[96, 98, 113, 242]",40,"[0.6, 0.7, 0.7]",0.709,0.9091477346328427,35.14996330537378,60.61277556769509,19.753483460160442,87.78258618057556,231.42327694826474,9.913657215852066,3196.676163392528,412.894805664643,0.2299841278633648,28.76104275690193,44.74244978319239,-3.79566330776849,0.973984541254239,0.6998286745042254,14.76658625429629,40.48527542320677,Good,0.15603571755097065
sample_013,/fake/path/sample_013.jpg,0.8355378992553313,0.18459132074336349,651456,68017,25600,"[154, 148, 228, 248]",40,"[0.6, 0.7, 0.7]",0.709,0.9236583510349919,31.27847528356652,5.802696384483622,40.0085228000662,167.61174392499228,817.2445597818082,0.9589473995161922,836.722711746175,864.0285263388971,10.511125663127888,45.49934528520756,56.228499323474985,-5.338102146912972,0.9417022112489137,0.89680111044281,-3.038644354309272,11.019156362790566,Good,0.37637649411176616
sample_014,/fake/path/sample_014.jpg,0.5659750909328558,0.0029205021432094688,1592814,51252,25600,"[134, 191, 165, 174]",40,"[0.6, 0.7, 0.7]",0.709,0.8928227650608178,33.18863156623266,23.948149349344348,2.932251024565573,1.4651476265668781,43.168726151506924,2.5832365699405853,140.99617097693033,2156.5562031706186,1.1511036431223916,52.001344191734226,28.2913417186959,-2.433572480213747,0.9761408309158731,0.9703974030440345,-0.8912003951278841,4.119427015734044,Good,0.49949270272379614
sample_015,/fake/path/sample_015.jpg,0.9295020878493798,0.021355098099509508,1965746,107108,25600,"[54, 141, 269, 160]",40,"[0.6, 0.7, 0.7]",0.709,0.9292415670986862,35.4951159829762,3.232143673422044,15.913137903744875,76.44788643642718,44.00433297850632,2.202578167304761,268.3038871038241,286.3301951964497,0.5673855513396495,51.22505498339519,69.73460891602558,-1.8952882309116048,0.7274610789743226,0.6671969385509037,-7.80343354057715,19.12215679149156,Good,0.23901109160846995
sample_016,/fake/path/sample_016.jpg,0.9166516018587149,0.02012400423132632,501062,100448,25600,"[135, 175, 143, 124]",40,"[0.6, 0.7, 0.7]",0.709,0.8706744787734242,29.095306398693168,221.20798999430247,18.007976277591197,113.66329578930316,155.67090323777913,0.22157077749130136,386.91473649446465,831.2076359118382,4.011429427487609,45.59495441126475,65.8203818296378,-1.9403459489870702,0.6527486117007426,0.5405998208201992,-6.506425691218269,3.097376181818706,Good,0.2548582351067219
sample_017,/fake/path/sample_017.jpg,0.7516226080495263,0.029827508353350463,1530117,63234,25600,"[111, 128, 235, 125]",40,"[0.6, 0.7, 0.7]",0.709,0.8463581461918297,32.70766946180288,32.847503081065085,29.34947516824177,20.707798214607084,39.108781311923266,10.031220309840773,779.7177216764316,162.4002737434392,5.095989102108538,50.48084946661382,34.75709466830008,3.988681572893173,0.7074480028719493,0.8167074758433133,-6.019686788963846,17.162120265305273,Fair,0.40484549451244584
sample_018,/fake/path/sample_018.jpg,0.922505542012692,0.013272854183610556,1388266,134555,25600,"[84, 50, 139, 163]",40,"[0.6, 0.7, 0.7]",0.709,0.99,35.954144254361076,85.44271441986697,36.88154282642956,15.05582464141926,158.6050111031868,3.551214142283596,709.019260963755,644.1977350032814,10.059529168247074,46.80942978933657,52.89774856896413,10.377003993227195,0.8898338491795816,0.754022011954036,0.18418379189551698,3.9636379649559785,Excellent,0.19025677232358515
sample_019,/fake/path/sample_019.jpg,0.8010362921181376,0.04078263155513094,980703,130910,25600,"[160, 82, 254, 263]",40,"[0.6, 0.7, 0.7]",0.709,0.7897023075791401,29.02441426774683,607.1640830701141,27.919066787543848,122.75159870125196,150.7657523517304,5.621233367864418,1032.6145605635027,1334.940798290693,2.9642307868044786,40.90842382914876,45.93725270610216,1.30264493537008,0.5245845134649624,0.8992704991976086,13.304385632690831,18.89117676798403,Fair,0.19555419754029485
sample_020,/fake/path/sample_020.jpg,0.9720264822741561,0.010624379787661028,1170688,141751,25600,"[109, 149, 167, 232]",40,"[0.6, 0.7, 0.7]",0.709,0.9089935412088436,34.807247976090174,255.74693578456262,24.567949067850364,16.551050912412173,85.87021498525603,4.857485394295304,191.39317216783513,2342.7786725225524,0.44938720862529224,44.88784323568815,49.0977233594379,3.9053663380822634,0.8749493992371568,0.8939963034645436,8.52246489030268,37.85888214229563,Good,0.18059837320371638
sample_021,/fake/path/sample_021.jpg,0.281745280434126,0.06898880428028177,1306388,96240,25600,"[78, 112, 249, 253]",40,"[0.6, 0.7, 0.7]",0.709,0.7295126092564119,29.07106948240103,1.3180944825659227,21.78536394071978,19.60586401992482,324.59982722724266,0.7590996096569352,190.91460715336325,416.6194400641855,1.552436025664774,48.35464341950304,75.7335980324986,0.29609217007244126,0.8248889484331323,0.8067782505704778,-7.128457826771644,22.410038903975583,Poor,0.2660016625103907
sample_022,/fake/path/sample_022.jpg,0.6374288076875774,0.04673021874751386,1517289,181026,25600,"[159, 173, 186, 154]",40,"[0.6, 0.7, 0.7]",0.709,0.8422228222178768,31.101574712365952,16.978360329951062,25.17366519706091,107.56497823175357,2.7469857884440096,9.894746641480701,456.2978738393458,446.0734249229545,23.367293674117484,50.98745777637335,48.69654854012792,2.5023875971031613,0.7877598072339503,0.7950339064646618,11.59329803364248,3.4409011549347115,Fair,0.14141615016627446
sample_023,/fake/path/sample_023.jpg,0.8754699005811111,0.17006959030194785,587955,153145,25600,"[179, 168, 239, 119]",40,"[0.6, 0.7, 0.7]",0.709,0.9351741262573836,31.201255372377066,97.85622455470876,10.532720785596224,80.30673665148444,57.29253950911121,1.0943726367356008,977.1007015596033,772.4512164822382,6.695589062465483,49.62365297575152,61.03301882016521,0.5711382433101982,0.5628095058635159,0.937444574470262,1.0081742225405217,0.2784283111614901,Good,0.16716184008619284
sample_024,/fake/path/sample_024.jpg,0.51140624521628,0.23027715288531816,1577978,54263,25600,"[147, 61, 152, 298]",40,"[0.6, 0.7, 0.7]",0.709,0.8043941752943232,32.141758331150044,85.16609137622497,36.41638856708772,51.81549201405262,147.36463505736316,0.05528364815848598,343.87189199670183,932.0130282309369,1.1776645654991242,47.7745852782886,47.74994096629624,6.0379608521513095,0.7842664787809159,0.8216643372672296,2.9776025091839724,2.651306090504985,Fair,0.47177634852477746
sample_025,/fake/path/sample_025.jpg,0.5332292569188475,0.09120150313935639,1397048,63350,25600,"[84, 180, 207, 271]",40,"[0.6, 0.7, 0.7]",0.709,0.7808658975256281,28.081274927226424,343.2669107975828,0.10535336788175662,10.880393299113646,37.774764593214435,2.661894092215098,236.12934949304721,981.7666379274724,9.764220644380076,69.45871284827683,62.84533033933894,3.445181016074861,0.7123555576520997,0.7385207638970678,1.034777653131854,110.15905032285163,Fair,0.40410418310970797
sample_026,/fake/path/sample_026.jpg,0.9800852139396388,0.15864141939125553,1471741,101571,25600,"[195, 152, 116, 113]",40,"[0.6, 0.7, 0.7]",0.709,0.9310463501949077,31.982398216788546,90.70086402878069,5.227524823945714,12.847776747164405,8.007534330438276,0.24497270567139168,1297.3026718541162,1935.1461967726323,1.6433126138664758,41.05392697780496,54.12570396644122,-9.648422981570787,0.6377582679421399,0.5431669599096756,7.133995902054457,24.05058784534688,Good,0.25204044461509684
sample_027,/fake/path/sample_027.jpg,0.6099771150377185,0.1462197110339225,1729720,74574,25600,"[152, 133, 232, 164]",40,"[0.6, 0.7, 0.7]",0.709,0.8183226892529235,35.964250032296974,27.28291200595943,2.3413333916132295,43.79193315941165,33.860910641782596,10.34457032016195,620.3788122333497,104.62133252824364,33.12317629473047,37.926041683536255,59.843223984765835,-1.0699442211275447,0.7361943213720807,0.7178494240334251,-6.377399842513159,3.7362734793076013,Fair,0.3432831818059914
sample_028,/fake/path/sample_028.jpg,0.8565495796095652,0.016711288479350685,507906,111413,25600,"[62, 169, 224, 188]",40,"[0.6, 0.7, 0.7]",0.709,0.9735882214577688,33.72496589240223,89.8794524186919,17.354116910589347,9.594590297101375,209.93248112914236,2.8396069509625415,282.1564208799592,1235.6952921453644,3.572386207264012,60.83609653905471,48.2305277250595,-3.9914862226922687,0.8332384238803768,0.6962555811868328,25.269324258736216,26.11721869416715,Excellent,0.2297756994246632
sample_029,/fake/path/sample_029.jpg,0.635748027351102,0.201962063822053,605228,147624,25600,"[149, 56, 232, 144]",40,"[0.6, 0.7, 0.7]",0.709,0.9512723731245772,34.50549293786163,205.45033221429355,0.5936702308604404,174.76473762753136,13.796390740375564,5.37133284692438,1046.5375836748278,462.778431881313,15.208045748332852,54.94955517561525,50.28744822934817,6.392259313036494,0.8261431191700096,0.5379525333489895,2.4938368371075526,49.44931916651499,Excellent,0.17341353709423943
sample_030,/fake/path/sample_030.jpg,0.821134465034593,0.12315909951213125,826032,123609,25600,"[167, 71, 219, 149]",40,"[0.6, 0.7, 0.7]",0.709,0.9146140724164661,33.64337310811034,462.01186344626535,22.543461276229863,59.05153369624894,104.29135960083246,0.1404953005822166,1125.8185501830853,489.65343647837335,1.0741572492847196,48.31444125937239,61.3660477170456,-2.284836617887125,0.9324895188683717,0.6157211431006704,4.6372385739043205,3.9215172718121583,Good,0.2071046606638675
sample_031,/fake/path/sample_031.jpg,0.9848413389593518,0.12549996086189777,1574961,68639,25600,"[76, 121, 159, 273]",40,"[0.6, 0.7, 0.7]",0.709,0.9178768641143326,35.24187029261431,22.778084857124846,1.9118231744402978,16.683179083540313,60.45753518183685,0.4471851630981773,1520.944359038162,1210.9630058658959,6.077652584167998,47.431896915809666,48.38374254537529,-6.706373355091433,0.6282569267565813,0.9085584845208159,2.9645893399855865,2.4303853438951384,Good,0.37296580661140166
sample_032,/fake/path/sample_032.jpg,0.9161608776501381,0.23839974789156582,1205290,119298,25600,"[137, 90, 244, 175]",40,"[0.6, 0.7, 0.7]",0.709,0.99,36.60364960072338,431.71826552294334,3.0745780434611722,69.09259562090074,96.27424349612865,2.829875530049211,1956.6430359872277,698.6843441404875,9.150479088185577,50.26885838994531,41.236813320258186,0.18830116583968867,0.8167831626516964,0.9060991037656947,-4.934628163640158,1.656732259276135,Excellent,0.21458867709433518
sample_033,/fake/path/sample_033.jpg,0.460183517384899,0.008350644975816265,1725811,148511,25600,"[181, 183, 157, 121]",40,"[0.6, 0.7, 0.7]",0.709,0.8329421657808131,33.44922975567173,60.20609719350464,20.632780034401776,74.73978139587696,131.52378349869207,2.073413745732168,1314.2513352324554,329.06542181472895,13.491636554783387,44.7070176245378,49.756454077390174,10.711351793059318,0.8547842397932086,0.7591698372880971,-2.573765374233451,30.405298877862606,Fair,0.17237780366437502
sample_034,/fake/path/sample_034.jpg,0.7266435382588156,0.20669063412677668,1836737,174677,25600,"[88, 164, 285, 224]",40,"[0.6, 0.7, 0.7]",0.709,0.9603602227292054,31.083590731793166,23.656089895002456,19.50842915399151,99.84780002255434,132.09300151268556,6.459607837444352,2908.328648727104,1194.6356714719705,2.000502910797642,52.60673765823907,53.23800127605945,-1.4574498949674513,0.7111192766727223,0.4802999851338677,3.7428005557730586,4.478788206360093,Excellent,0.14655621518574283
sample_035,/fake/path/sample_035.jpg,0.6138852892664857,0.018603794010459394,1542377,170585,25600,"[125, 143, 204, 100]",40,"[0.6, 0.7, 0.7]",0.709,0.8180673790069143,31.267506422379917,59.680813969424975,17.729026327270102,296.7793323369221,29.105814106407212,1.346267717488601,1180.7470697900885,2108.4979730258174,0.6107017804474966,33.944565933589196,64.9468857536438,0.888779467902012,0.5527562162135402,0.724022262651251,-12.373416454470462,2.976955011451807,Fair,0.15007181170677375
sample_036,/fake/path/sample_036.jpg,0.8164577854517779,0.03902770188910276,1541592,196470,25600,"[87, 133, 250, 227]",40,"[0.6, 0.7, 0.7]",0.709,0.8593862847422553,31.225833440328923,14.238723734046854,3.099008438300393,281.0411750272784,132.01281092351172,2.3165190934118502,40.88654127826688,1283.725067723583,0.052597775300201134,41.8992691579051,58.05192674780948,-6.094862612680632,0.7955676471280023,0.7637811972051599,6.180287109836201,26.302992147881724,Good,0.13029979131674047
sample_037,/fake/path/sample_037.jpg,0.9818588284817293,0.13960528713387263,1142804,164044,25600,"[151, 181, 201, 118]",40,"[0.6, 0.7, 0.7]",0.709,0.99,31.57306267946319,164.94578429710734,28.733667376410242,159.85654764477755,57.19624967418865,4.0263889747479595,1590.3360793048903,913.5608604787648,15.033528132208339,39.713256668709164,39.037249131047986,-7.200254412971471,0.9423057098774813,0.8999349694232824,16.420151601363692,14.493655952226273,Excellent,0.1560556923752164
sample_038,/fake/path/sample_038.jpg,0.7362871265809487,0.05088655141979992,904772,192635,25600,"[64, 92, 275, 186]",40,"[0.6, 0.7, 0.7]",0.709,0.8678302124698061,31.448115699089595,167.65704014851647,25.325694876627818,311.27987250042054,1.8400844582700027,2.087039407053988,820.531214052828,680.6356670367898,1.4350540946964156,53.9208452970087,42.46035411133324,-1.4033753843338703,0.7149338310066871,0.5932096678979628,-9.896281365703375,8.004995009386532,Good,0.13289381472733408
sample_039,/fake/path/sample_039.jpg,0.7896087659607816,0.029647096009248416,655683,169891,25600,"[167, 56, 153, 228]",40,"[0.6, 0.7, 0.7]",0.709,0.8489849687470136,35.672952376601216,46.76219605330337,14.952033289293967,11.912632492819682,0.2587359173781069,0.5651544176023522,985.2086878354148,3793.9396867130336,2.5132166177044404,54.130565337861825,39.406078695300565,2.3877685806282303,0.8792422955287019,0.8578633919078382,10.288382954128117,21.82863148154979,Fair,0.15068485087497277
sample_040,/fake/path/sample_040.jpg,0.9499249916320822,0.03743615569584269,1641154,90390,25600,"[60, 187, 177, 176]",40,"[0.6, 0.7, 0.7]",0.709,0.9249653123213709,33.338788154012335,90.2576047539322,13.734034299838317,440.51331633813265,14.669161261532732,1.532976563145118,1756.987674904985,207.70326291033663,0.589672703777192,30.86893574820975,55.689830791852756,8.14198311564269,0.8246097334791167,0.8676529904721431,0.3408346825922607,1.0501026956616206,Good,0.2832171700409337
sample_041,/fake/path/sample_041.jpg,0.6895161313106775,0.11071091505697361,751051,175541,25600,"[84, 147, 129, 215]",40,"[0.6, 0.7, 0.7]",0.709,0.7945842505174879,31.816937681111966,6.202684348321755,16.52428520287922,316.1203427295335,19.273916294070354,1.9602802124207304,3084.216631731542,947.5054719728993,3.2397448097907744,35.8628550309502,65.83465025384093,-1.5339019643568523,0.9567060734595025,0.7180167178406285,7.800781797165829,11.039504329474294,Fair,0.1458348761827721
sample_042,/fake/path/sample_042.jpg,0.6933996834639302,0.03611540400515502,1673057,85585,25600,"[124, 116, 279, 289]",40,"[0.6, 0.7, 0.7]",0.709,0.8985367231766038,34.1355263835002,59.27636022426302,18.35555340441584,72.50082520454396,251.81570465176466,6.167775345468045,1006.303842092258,832.3328867444807,0.29464294441242495,45.61412793742704,61.663027472367894,2.8422050312807725,0.8669002830829466,0.7040090793652471,-0.09118996644203543,25.930127631149066,Good,0.2991178360694047
sample_043,/fake/path/sample_043.jpg,0.6680941682788477,0.045812948245673155,1793703,151268,25600,"[74, 128, 167, 272]",40,"[0.6, 0.7, 0.7]",0.709,0.8675411730618809,29.727150996537297,79.74627665581228,67.52355663768212,56.65107910082499,37.369922833070405,2.542999078347839,13.696504456221794,1037.3341543420652,1.2660968883620882,55.40112711683127,37.175013788784774,-4.832585129674965,0.8633183232351124,0.8261754950551301,-6.1340266354093975,17.67269204892275,Good,0.16923605785757728
sample_044,/fake/path/sample_044.jpg,0.7498493137509423,0.05552711613166958,1957214,82371,25600,"[111, 56, 254, 191]",40,"[0.6, 0.7, 0.7]",0.709,0.8876146294454063,29.68369533613921,65.70753555993505,3.893239230276933,48.951883471927445,331.93116943690615,4.889445714095118,1571.9606267358088,691.986283516608,2.2462426676386027,39.535220573755716,67.49241622043527,3.9700853677056673,0.9422540012261207,0.5748415836677088,-13.879460605665397,15.580694764697633,Good,0.3107889912711998
sample_045,/fake/path/sample_045.jpg,0.8488526549586979,0.09521285824449474,1317052,167360,25600,"[154, 66, 219, 236]",40,"[0.6, 0.7, 0.7]",0.709,0.8893023377746456,32.00685354177533,286.1745959154153,33.09743776999045,7.949445571566619,32.762627725151084,2.109443346336819,1244.3899007756768,1472.1489622409622,4.993043659278024,42.89547450165048,25.68286428737852,-0.4865409438601337,0.758777880580147,0.7343375159159706,7.930563806574291,24.302217753898898,Good,0.15296367112810708
sample_046,/fake/path/sample_046.jpg,0.869607472986023,0.15317487881170633,1999698,142601,25600,"[54, 54, 193, 195]",40,"[0.6, 0.7, 0.7]",0.709,0.8902719200249519,33.27696266530185,7.118759869502653,11.043263560956591,8.623095082965564,72.2900630085477,7.063748516297488,821.6084544662943,465.37662377233335,8.558294579450102,57.09533577307375,41.38616297643256,-4.402309824112029,0.8694486859767551,0.6939234373711496,23.636334436753845,2.5553926881722995,Good,0.17952188273574518
sample_047,/fake/path/sample_047.jpg,0.7973131768507657,0.031991785024994605,907507,126971,25600,"[81, 162, 219, 248]",40,"[0.6, 0.7, 0.7]",0.709,0.8539131876644012,33.798672237328994,33.67417778790184,33.85062375549441,197.59467391996955,187.41481279810753,2.460451150945155,1499.3244616249076,410.73739510842387,0.5362455284857879,58.88598880330875,57.34449033487655,-5.1940091400127795,0.8034115247895782,0.5261240215677099,0.21271576736061648,11.721062174306924,Good,0.20162084255459908
sample_048,/fake/path/sample_048.jpg,0.4323025451621292,0.01744386704891238,1065609,105147,25600,"[54, 52, 292, 231]",40,"[0.6, 0.7, 0.7]",0.709,0.8457427173457589,32.67717111668073,10.444770971109277,10.266385134428386,160.97928189017483,22.820086126156376,5.057010774374272,2442.812536504755,1114.935485366824,11.454403036684207,61.966314866456514,43.90217095680618,-0.6700858333645885,0.9497054603944274,0.806866634645536,-20.94120627663777,32.59913519194521,Fair,0.24346866767477912
sample_049,/fake/path/sample_049.jpg,0.3452980313545975,0.06557991618936114,1512237,119122,25600,"[129, 104, 231, 219]",40,"[0.6, 0.7, 0.7]",0.709,0.8446519373874997,30.747043137768102,92.50481327074117,22.56914115647508,163.46993101159927,31.446518612624928,0.48801254494928015,828.7954880008281,1999.984534103557,7.097783915022694,61.15902053365362,43.50734421924076,4.739129014186081,0.9432425165331052,0.7695968938315813,-1.2174750838328354,19.957963603645513,Fair,0.21490572690183174
sample_050,/fake/path/sample_050.jpg,0.38056338651775784,0.08483336962100452,1786980,170312,25600,"[110, 187, 149, 102]",40,"[0.6, 0.7, 0.7]",0.709,0.7838166416869478,28.757454360291995,2.654595521466961,0.48978382541060633,178.19896121391395,31.892620643003504,9.156732559190154,948.1648877807136,1693.7546465326022,3.8738973622793056,48.05054791571042,55.136001065697165,-2.663504198309557,0.9941215340804446,0.520447187253705,-6.022120603617806,14.132790193752705,Fair,0.1503123678895204
sample_051,/fake/path/sample_051.jpg,0.7229518413507183,0.028707718856360667,986799,190905,25600,"[119, 93, 172, 144]",40,"[0.6, 0.7, 0.7]",0.709,0.9420846215318949,31.888941888071155,191.79325611536996,0.9523293796249982,96.67933920516772,82.55200387545642,1.4183094814786363,379.80551620864344,1733.5871982715732,7.101517422648929,42.71843223932213,57.869695655549954,-4.455665043007432,0.7330430543834063,0.7349355046181412,-8.3774798159376,6.193308631866687,Good,0.13409811162620153
sample_052,/fake/path/sample_052.jpg,0.9071367311747381,0.05174774923482576,780618,105718,25600,"[135, 66, 197, 297]",40,"[0.6, 0.7, 0.7]",0.709,0.99,35.739996521526336,25.637341257692214,37.53572619313915,55.97192504858204,15.193935870973327,7.87640770489379,2780.986764734046,710.2915873259046,0.7740183588349132,48.58304323952377,66.3265249769713,-1.304561330585651,0.9196071094876899,0.546801779524497,7.954382526692877,0.27162982526368573,Excellent,0.24215365406080328
sample_053,/fake/path/sample_053.jpg,0.9433072947850958,0.08041091658255245,775709,141179,25600,"[146, 91, 105, 266]",40,"[0.6, 0.7, 0.7]",0.709,0.9588016889998086,34.348179509983524,106.93839431309624,34.531029012603994,47.87134619671842,149.43779183383717,2.778433309722742,1317.4122265891717,908.6082796663785,2.4492054613171947,35.61722021682633,53.62570815026485,6.842109772363376,0.8231383868719653,0.639314599206139,8.338073391593646,35.4897846904675,Excellent,0.18133008450265267
sample_054,/fake/path/sample_054.jpg,0.850124622722002,0.008715402533365736,895807,175576,25600,"[61, 188, 145, 218]",40,"[0.6, 0.7, 0.7]",0.709,0.8867453021838504,30.8246608849783,341.50919230500875,10.817484540587897,414.2085376451174,110.2379371634689,1.1607923897797439,1137.7616845734403,277.34212502736693,2.8658590066438854,47.44748057897747,61.87386051564751,12.94781821009307,0.8154933646451215,0.832118162446628,-10.065425652796412,9.556264301841924,Good,0.14580580489360734
sample_055,/fake/path/sample_055.jpg,0.9937158379212181,0.1748574773284898,721373,145648,25600,"[83, 90, 150, 274]",40,"[0.6, 0.7, 0.7]",0.709,0.9180378601255829,32.36403241812676,21.227831475180135,19.0268288103001,57.182455779190775,86.09736543464369,0.3817438378825912,1652.3814948224544,1142.3213348082159,3.7345304452058508,53.82441417819298,46.82426801176262,-3.377307224278891,0.9304681241799974,0.8358536787794993,-5.943663723462062,21.605258849821737,Good,0.17576623091288587
sample_056,/fake/path/sample_056.jpg,0.7299549369213114,0.018522304647417855,976513,196295,25600,"[95, 87, 241, 199]",40,"[0.6, 0.7, 0.7]",0.709,0.8934922158786638,33.43425960335314,48.063908957190534,2.7587924521836875,53.23236071186969,162.12793926377526,10.36637195407601,1414.096449971772,801.8652987288165,0.0005652519180231456,46.97035545098071,55.408692224813464,4.423755273816569,0.643410383647142,0.39727571901760744,-1.1987254742287343,0.7083170743064583,Good,0.13041595557706512
sample_057,/fake/path/sample_057.jpg,0.6454812851725784,0.20975196272967522,1825569,131768,25600,"[174, 159, 185, 268]",40,"[0.6, 0.7, 0.7]",0.709,0.8337285695620855,33.165379785932515,451.2441366864304,19.679412791711812,75.78276223129635,182.10987899083327,4.566579510150656,382.3111022071967,162.7327616751635,0.5333184219099657,45.04141589263187,68.60684445870538,4.296550488467224,0.8619666023986136,0.7268308706186026,-5.179126500537902,36.232373356837805,Fair,0.19428085726428268
sample_058,/fake/path/sample_058.jpg,0.8675041237750875,0.01412104451918595,1778723,80795,25600,"[116, 135, 293, 261]",40,"[0.6, 0.7, 0.7]",0.709,0.8726352126092894,35.317044539235056,64.03595555814253,82.5047117188559,31.328565914927125,52.25135111809751,2.041112367875422,670.0654781907773,1469.9191626566735,3.3849856888000636,52.06049517879513,24.981971386121366,-7.666373018545624,0.9357696893444424,0.9382140259906459,-4.849670374989711,9.322223002274681,Good,0.3168512903026177
sample_059,/fake/path/sample_059.jpg,0.9020112835220742,0.07584315042285511,876742,99334,25600,"[90, 88, 240, 291]",40,"[0.6, 0.7, 0.7]",0.709,0.8583576009670381,33.82580166719708,121.15305120925102,98.7203148395622,14.097516591598156,32.12133830469017,0.6697215164366734,511.3557208718005,127.20216465932918,5.114654339085274,34.158640569945106,57.72021562003423,7.6566187228973455,0.908394694146444,0.8584607572638381,-8.322938831181725,6.9080017217810905,Good,0.25771639116516
sample_060,/fake/path/sample_060.jpg,0.2652130604138517,0.1135286511699683,944865,191130,25600,"[59, 191, 150, 217]",40,"[0.6, 0.7, 0.7]",0.709,0.7417563926098947,29.385415888581736,12.300143536423679,3.3523218487991713,18.855914777184672,101.57716017526309,14.212971527639205,480.23632438607865,911.0715012943409,8.83477311072734,53.16942617012163,69.00935612994574,-4.179770397903481,0.8357703494863489,0.45164875330047344,-3.353957227737929,1.2118828038302447,Poor,0.13394025009156071
sample_061,/fake/path/sample_061.jpg,0.8512502577959352,0.010410976222126809,515434,125769,25600,"[106, 167, 199, 223]",40,"[0.6, 0.7, 0.7]",0.709,0.8663635667328524,28.015069271907414,116.60510706740872,9.385770084815597,18.255382580481637,56.304801359786104,1.7315106298538507,352.95919392695356,585.365815255563,4.273247837001767,35.873315818289726,62.133164091856415,-0.7530295971842162,0.6431813129995255,0.8648446263222099,2.801611588196068,2.271991231420238,Good,0.20354777409377509
sample_062,/fake/path/sample_062.jpg,0.7634931830488928,0.017438307385113087,1436197,170956,25600,"[192, 79, 269, 221]",40,"[0.6, 0.7, 0.7]",0.709,0.8690540012358947,32.16186041686623,12.34554234978653,62.43445096281949,37.68291354905263,219.2867135568108,0.15722522362918268,1843.11097493145,1095.4333809089976,1.4730040878902444,48.92697855995771,54.477169258102776,-7.854380760342496,0.721116881468244,0.7019434528769191,12.277208771391784,4.50310063563206,Good,0.14974613350803714
sample_063,/fake/path/sample_063.jpg,0.8413789369139559,0.09841262057820113,1051050,194355,25600,"[66, 148, 181, 203]",40,"[0.6, 0.7, 0.7]",0.709,0.9584158184968661,30.518868276135844,39.42627656523586,31.454540768462312,61.886660252277096,131.23676548948487,0.29977851500428954,889.2672013970204,779.8759930194338,1.7611970203287088,52.57962161581658,39.80438368280114,-8.442811583948423,0.9234647654034619,0.7757180078597052,6.537118802561938,21.07428342039902,Excellent,0.13171773301432946
sample_064,/fake/path/sample_064.jpg,0.5993509902953689,0.04498372831598686,1060592,163613,25600,"[131, 141, 278, 274]",40,"[0.6, 0.7, 0.7]",0.709,0.7590940953551308,34.05466051224044,144.61623965025862,17.044215916893254,312.46376651979347,22.373687170445013,4.653917522191127,1835.1031370738706,708.2025889411115,20.08029038658489,48.64745674606308,60.035665601832854,11.666222021426504,0.833305279658233,0.8486079203297049,4.070522871245351,6.66423183614002,Fair,0.15646678442422057
sample_065,/fake/path/sample_065.jpg,0.5922459584239865,0.13389128784347004,1188152,190836,25600,"[50, 192, 136, 240]",40,"[0.6, 0.7, 0.7]",0.709,0.8957177418748009,33.94052567769061,140.0100923604254,29.30006695456033,107.4526247331881,145.29297256924133,1.745088792524603,1081.400830931781,1732.5624860240011,0.11534983790409217,48.36933036056236,42.55097355193551,-3.375891374871908,0.8008803612284997,0.7582896426706975,6.086074423567405,1.1996493710935812,Good,0.13414659707811943
sample_066,/fake/path/sample_066.jpg,0.879856720909057,0.03299001784555116,1617063,198694,25600,"[169, 175, 154, 126]",40,"[0.6, 0.7, 0.7]",0.709,0.9118959615767877,31.818774645629308,2.227313613990822,17.505734716237257,184.6621733306127,79.62445910656707,0.699939218760098,597.5350963790621,221.48320268861514,0.7933982751976786,56.77943784952673,54.06085197016234,6.503686529440079,0.7586715033459195,0.953515859083025,-10.162491744582493,1.9167112699588404,Good,0.12884133391043515
sample_067,/fake/path/sample_067.jpg,0.7535301098692047,0.020953596184662235,1796220,100961,25600,"[145, 87, 186, 187]",40,"[0.6, 0.7, 0.7]",0.709,0.8401677954794827,33.67511902213309,182.84555642147865,0.07654474392792114,28.345617309149553,135.0556846311104,2.574558447149515,476.61843872307594,652.2520323925603,0.325256403856714,45.23779126455341,58.74389180712728,1.312806645009625,0.8551724414386798,0.8287616748361291,19.81691806400029,15.024130011079915,Fair,0.25356325709927596
sample_068,/fake/path/sample_068.jpg,0.9234128020185433,0.1033243797452025,1936457,95968,25600,"[150, 97, 202, 127]",40,"[0.6, 0.7, 0.7]",0.709,0.8780838496500113,34.67864608006087,200.85743281967532,12.924040290367325,11.763276210631059,100.62814844894812,0.2226787564240718,661.8012759594128,1063.0526682465263,4.567357728343442,41.68830114195335,64.17043820947617,1.9623257056329426,0.7826249790818058,0.8053910947115197,-3.3991450576921696,12.98308223280323,Good,0.26675558519506504
sample_069,/fake/path/sample_069.jpg,0.7979239535628878,0.18217983086614745,1981571,81881,25600,"[180, 160, 201, 116]",40,"[0.6, 0.7, 0.7]",0.709,0.9143998610207809,32.018183380930786,236.51616540225567,6.203331203665544,129.04624967439628,210.08451301811579,1.3846265623302245,764.8695675416105,556.0597296048642,7.2596734456697645,41.34133562870941,42.80756662037034,-3.815744115718571,0.9312371938560737,0.5460452915841708,-8.23359204578423,15.402467890339231,Good,0.3126488440541762
sample_070,/fake/path/sample_070.jpg,0.6820960714459711,0.0931776431107425,1052439,61308,25600,"[108, 181, 203, 294]",40,"[0.6, 0.7, 0.7]",0.709,0.8883136666078758,34.30330756045663,123.83414712832021,55.41291243823382,92.45542955495081,64.13157058577372,3.958910169944559,949.7808854143008,578.9783638280437,14.16451521403315,51.878025478910885,34.06282984648967,6.459733482834328,0.9274441239505677,0.9255348574839021,-9.39405783800517,11.238310258348614,Good,0.41756377634240227
sample_071,/fake/path/sample_071.jpg,0.8055151847629528,0.11714945082089429,624932,55939,25600,"[154, 103, 260, 277]",40,"[0.6, 0.7, 0.7]",0.709,0.9164310200044608,36.81865326006479,35.94168424771409,28.633225531941907,43.73703577849871,297.73266277556513,0.12508939585794815,904.8011133980609,1128.4031735369517,3.513546402338396,36.924256161089986,51.91660891734783,11.444737448566034,0.5604716179708359,0.767997801929731,1.8494228287440921,16.14309716261161,Good,0.45764135933785016
sample_072,/fake/path/sample_072.jpg,0.9160515985070221,0.25181003708680527,1849590,146566,25600,"[151, 167, 253, 233]",40,"[0.6, 0.7, 0.7]",0.709,0.9305640464767458,34.85832513543643,21.085394111533372,31.4616487231249,238.48672389512572,287.7089035892496,0.4946611246269369,850.6748005620786,1259.8518386817423,1.842805489925929,49.151101814976464,37.56676071593901,-4.807441848277688,0.9348030629963564,0.8414150214706202,-0.007085945766459172,6.624842877301601,Good,0.17466533848232196
sample_073,/fake/path/sample_073.jpg,0.5572592119177865,0.06556397546358057,1894316,116732,25600,"[59, 58, 281, 254]",40,"[0.6, 0.7, 0.7]",0.709,0.8158126955914715,31.84801037113353,309.76984019673046,13.651077350719456,71.89168810171388,65.69104154853704,2.799221753900893,444.90049014712025,999.4612580547017,0.2368292784180171,32.95302986503729,45.77458889594962,6.223440231825483,0.8080397638616392,0.9247349660910694,7.084210428945821,19.049546998183622,Fair,0.21930576020285783
sample_074,/fake/path/sample_074.jpg,0.2819003196469533,0.05123964610067927,895395,124601,25600,"[133, 192, 215, 208]",40,"[0.6, 0.7, 0.7]",0.709,0.7595774772483059,27.970245152466745,89.43587635739941,4.119237549486615,40.28156695729184,193.12298452903548,11.704424883512006,968.4634913881226,1912.6247887140769,14.958609667228918,39.28946320350951,40.478211932606506,2.1132753275080187,0.6993331988131414,0.8936487295500719,-10.231955113182945,3.9285904533809197,Fair,0.20545581496135665
sample_075,/fake/path/sample_075.jpg,0.7730380883161796,0.020042113164163985,1941149,151754,25600,"[96, 167, 138, 115]",40,"[0.6, 0.7, 0.7]",0.709,0.8401446643207262,29.406326514920206,140.34334383200408,9.990962457673287,89.3155023299958,108.17972204129242,6.234772679962116,889.6280636522929,412.9079674066039,5.091194251890158,54.18398220888684,64.01598592946429,3.2522504626806956,0.563767398779658,0.8060172748909221,10.819420597408492,9.290538663439138,Fair,0.16869407066700054
sample_076,/fake/path/sample_076.jpg,0.7204820890778191,0.04088866362702279,542291,182610,25600,"[130, 112, 148, 175]",40,"[0.6, 0.7, 0.7]",0.709,0.9263286134622498,35.20445327018422,111.18655783847757,11.430071116607445,79.69750301953007,37.394321504877844,1.0860596594951664,495.024932635783,929.848378523563,1.2709267324980433,46.00848207149638,52.99850951770746,2.430638450436579,0.8636104155360699,0.3604754241122123,19.27569385178195,5.540637989758132,Good,0.1401894748370845
sample_077,/fake/path/sample_077.jpg,0.7126279498637903,0.03806012886153164,519477,198338,25600,"[106, 121, 106, 283]",40,"[0.6, 0.7, 0.7]",0.709,0.8875151884902556,33.21015670559198,273.7949233740864,38.03330740429687,401.2158201132214,98.88436361685466,5.652874661584654,474.5451574578457,552.2694852235624,2.942721256803457,37.73124465486211,45.653549102098054,3.3815502999878944,0.7820653120244354,0.8574785513011544,-6.142366185486971,1.1226489835568687,Good,0.12907259324990672
sample_078,/fake/path/sample_078.jpg,0.9312519514296135,0.09190512777379517,1047219,139116,25600,"[73, 131, 162, 204]",40,"[0.6, 0.7, 0.7]",0.709,0.9048632514633034,33.777383762987675,393.06321332796557,1.3977771699224597,73.12665687059473,19.76764606755113,3.0373295974498986,2241.927311282112,496.80253085672877,4.615104957705801,38.91742538184013,33.38756837293578,-4.142577180687499,0.8901343373270911,0.8002658931495327,1.7682087213939799,45.369144861486454,Good,0.184019091980793
sample_079,/fake/path/sample_079.jpg,0.7997273533320111,0.028887350951926585,1552425,62360,25600,"[145, 97, 169, 286]",40,"[0.6, 0.7, 0.7]",0.709,0.8349527764866228,33.358520365490804,31.621359103256598,18.209567264407177,201.06294174939902,293.2451960942563,0.07613006942445556,702.1646574472902,1025.076031911839,10.05853932362389,41.35434272721699,66.95388458451963,0.21889881356944552,0.7347607471102444,0.6876760764983757,-10.196643386921156,1.6119926463094143,Fair,0.41051956382296345
sample_080,/fake/path/sample_080.jpg,0.8236533042279212,0.12853557519560596,1638585,94816,25600,"[92, 170, 140, 269]",40,"[0.6, 0.7, 0.7]",0.709,0.8993396962733968,34.63888826835095,120.6869114122857,4.563741614532632,106.12994299077505,170.57812414006267,0.5987311649906385,786.3944538413897,686.5957162065463,1.7096220976000365,47.53690244633193,56.97776901011213,-7.0356199752981405,0.9588465854283659,0.8608372367585599,-24.073442069839423,23.180723317575954,Good,0.26999662504218697
sample_081,/fake/path/sample_081.jpg,0.67796690570852,0.246813431410684,1960049,193927,25600,"[134, 51, 288, 157]",40,"[0.6, 0.7, 0.7]",0.709,0.8318494879578439,32.832295051863376,28.552920319633817,24.446865612079684,55.79195613223623,58.437441990397524,2.0293768790000524,509.5038180050515,526.5504487497831,16.031309840587177,58.59587886979802,43.09613373861324,0.020465038377281322,0.8596622519621253,0.942468938848533,5.42704397976724,32.01678228387293,Fair,0.1320084361641236
sample_082,/fake/path/sample_082.jpg,0.8300020796136467,0.04414332379172578,1674846,64387,25600,"[137, 104, 145, 131]",40,"[0.6, 0.7, 0.7]",0.709,0.9239994929512545,31.30968880590949,165.71817152282122,30.869046250918018,100.02610949480358,46.763871091034055,1.4472361152346536,406.01692587227046,441.7382847342726,2.300728748819532,39.07954200549041,53.08260840562492,-10.78300348316394,0.8119706939024123,0.7617157717015531,15.94734007316916,7.287206108343088,Good,0.3975957879696212
sample_083,/fake/path/sample_083.jpg,0.46859812385856897,0.042347117929319805,1094557,91458,25600,"[171, 187, 214, 263]",40,"[0.6, 0.7, 0.7]",0.709,0.7938220343779393,33.79991695462857,12.603389968535822,4.762461993767813,37.2517628777182,18.26388921204855,1.7604749684168013,941.6744661216402,389.7280293249074,6.236085153580302,37.74232183242398,52.58521914719623,0.191167176081189,0.9198992362177942,0.9022690372194869,22.362996208482407,0.3358541603814544,Fair,0.2799099039996501
sample_084,/fake/path/sample_084.jpg,0.8814743376966259,0.14473231975719833,1302242,186198,25600,"[107, 98, 202, 152]",40,"[0.6, 0.7, 0.7]",0.709,0.99,35.50923513603588,149.82960032149245,18.9008322256226,194.70731415949314,111.85490293819582,1.4360471247679851,804.6507883160002,675.0836828802701,0.36408275971564186,53.640670285684145,53.498123425488636,2.8851291333422644,0.7869915581399585,0.7851484580767687,13.317569703945535,7.777037832955128,Excellent,0.13748805035499845
sample_085,/fake/path/sample_085.jpg,0.8085805348163848,0.07887448035442282,1625424,87548,25600,"[131, 115, 176, 144]",40,"[0.6, 0.7, 0.7]",0.709,0.8922213079503084,30.168108021759924,452.98543824903527,5.267554892392196,285.6769601412903,4.378215806686765,2.717993038518995,778.3046043087169,934.6615321178747,5.650201265177478,47.16732491160533,41.1490029183286,7.285393127682837,0.8115851646935671,0.8795580678433088,-7.631243882676582,1.6418430521285465,Good,0.2924110202403253
sample_086,/fake/path/sample_086.jpg,0.974774967366981,0.0014736306853684366,1406450,69996,25600,"[108, 120, 191, 108]",40,"[0.6, 0.7, 0.7]",0.709,0.99,30.469036828573994,42.612096869824086,9.91070086704725,17.278185323428062,29.871743155235293,2.263139422975923,1045.8479628082675,2186.7299902356026,4.262680783180523,46.420561685986854,65.89164419247926,1.2812889602146726,0.9515129143065237,0.594365760906219,3.9898332879058334,20.54175801765044,Excellent,0.36573518486770673
sample_087,/fake/path/sample_087.jpg,0.9446415163744833,0.07619644944846757,684514,62226,25600,"[110, 178, 272, 255]",40,"[0.6, 0.7, 0.7]",0.709,0.9481816229355601,35.095006618049986,62.197082710237986,6.52728123428388,106.33679574577886,173.5950541730374,1.1280550297963867,794.7428807822885,1295.8438901493496,2.391143919081806,55.2839281186772,57.393058408322965,4.081695779691719,0.8575658497571976,0.8526375847347697,3.728329917986322,8.405095209061018,Good,0.4114035933532607
sample_088,/fake/path/sample_088.jpg,0.5781475404041002,0.12270294297901674,1321935,125403,25600,"[92, 80, 190, 160]",40,"[0.6, 0.7, 0.7]",0.709,0.8497267441558296,30.655583632938306,195.20921151433254,120.88294372086467,27.64078463965971,4.118750595694294,6.8917249338598054,1023.9114100174509,1889.1521632825563,13.40093111336449,44.02431364233034,60.81766727672829,-6.561095967157032,0.7021800543175943,0.6541838628660455,2.4930859564172887,13.046489114757286,Fair,0.20414184668628343
sample_089,/fake/path/sample_089.jpg,0.8983651486748697,0.26470424058655617,965590,172564,25600,"[108, 182, 150, 248]",40,"[0.6, 0.7, 0.7]",0.709,0.99,32.09196328300319,396.9541312324312,20.968400997721922,163.17554037065764,125.5617603584788,1.8169024668376623,524.8245703554484,791.3630313556733,7.9008645123487025,43.469083386496635,39.410924129433994,7.4083170123129936,0.8965518733243645,0.7851741004522691,5.628808601743548,9.10927672931669,Excellent,0.14835075682065785
sample_090,/fake/path/sample_090.jpg,0.7817866277697597,0.16235922887795354,743877,184327,25600,"[139, 143, 112, 165]",40,"[0.6, 0.7, 0.7]",0.709,0.9125635486669209,34.29742898134321,85.00518592211517,6.487267593852169,254.22075819010016,87.51267261114472,6.013860454390006,2021.4188258354718,567.3698434700137,5.463348112050325,48.49162288433305,41.92564598530385,-0.7450259968193268,0.8387685141750293,0.842280007945006,-8.955560935463348,24.340910841269874,Good,0.13888361444606595
sample_091,/fake/path/sample_091.jpg,0.8262360737720846,0.191424865486714,1112242,133014,25600,"[157, 107, 133, 119]",40,"[0.6, 0.7, 0.7]",0.709,0.9102978318391195,32.17309734900724,5.680585090194893,57.07890991251482,7.776826846703173,57.706642006428666,7.405399713194938,712.8391057283134,594.9905547824285,5.094379659272189,45.15950363612982,45.51283431334901,5.4521717069955455,0.868915847989873,0.7487745215782995,-4.888498427427697,26.51896559179129,Good,0.19246094396078609
sample_092,/fake/path/sample_092.jpg,0.9209880568257139,0.019145522400187354,1535408,75566,25600,"[106, 155, 280, 283]",40,"[0.6, 0.7, 0.7]",0.709,0.9484629902378259,32.55815162120002,45.22574540430544,4.232354283840431,42.62736649859736,79.23876186462967,0.7470314239913083,1668.0319412706433,312.8369890429475,0.00943754713969946,55.891393590279726,51.73961149685708,-5.195367831958906,0.8603174437052353,0.8159388808779962,-3.0440974633781175,17.986302661857177,Good,0.33877669851520525
sample_093,/fake/path/sample_093.jpg,0.6775878605616864,0.20371952753227102,1936803,138059,25600,"[88, 121, 124, 176]",40,"[0.6, 0.7, 0.7]",0.709,0.8709860435485011,32.50558536139885,108.37254287744831,3.044932552420914,84.60126592375629,20.489894517069903,6.663574801872452,2037.553678938146,499.31493052271566,5.7542383461324675,44.608772968510216,53.80381448216311,-0.9542065932167537,0.7727638042809082,0.5460071859106393,4.015606083877186,2.887817468280255,Good,0.18542796920157323
sample_094,/fake/path/sample_094.jpg,0.909291735666305,0.15730809748645835,781075,142876,25600,"[130, 178, 242, 116]",40,"[0.6, 0.7, 0.7]",0.709,0.8934814730972256,31.192457865050052,34.806794921069,5.412165483963358,296.62306228134213,289.4362890962129,0.0013072086281407382,382.01747145461354,1410.052939410736,6.136141599866167,59.98816644778151,50.79976494778071,8.05895295656198,0.82132203687131,0.9001689083359651,-12.181079715493217,16.631418431995833,Good,0.1791763487219687
sample_095,/fake/path/sample_095.jpg,0.8913611360742062,0.158967157220454,1857642,63409,25600,"[58, 81, 114, 239]",40,"[0.6, 0.7, 0.7]",0.709,0.9385627298861495,35.21722712396143,128.95244721100855,2.366506152223006,93.73088225665997,32.9963117211249,5.272859726676444,573.4179479269222,1896.3334287412492,16.87904270331606,45.12841977354294,44.64664912983777,1.7922680910481013,0.6711827246964054,0.6617973496741708,0.9806753953894455,22.391102104277625,Good,0.40372817738806793
sample_096,/fake/path/sample_096.jpg,0.8927409556145037,0.11347576366812573,1216773,51051,25600,"[87, 168, 136, 214]",40,"[0.6, 0.7, 0.7]",0.709,0.919975830048201,34.410325147826015,70.58886278527982,8.628377750517597,244.10544260576276,41.51673868115592,0.6171207844024639,966.2512077305088,1175.4074666547076,2.8361053462856836,69.47816787254315,63.89964068604203,-1.5187989075988737,0.8347068133230157,0.792051944377234,-4.785798998641944,4.116342763376062,Good,0.5014593249887368
sample_097,/fake/path/sample_097.jpg,0.8938731062165545,0.034851792681215084,718306,174857,25600,"[76, 162, 114, 262]",40,"[0.6, 0.7, 0.7]",0.709,0.8604525619869589,32.73764688369005,23.88249609303227,21.784544959946626,52.966444677110594,51.48441192801495,0.6377693510749556,1394.570802912524,1802.3196663629735,0.5850990217724881,38.93706487588366,44.977248254921136,-2.4637760559703943,0.9611409414040524,0.5547952045409313,7.803428116164461,8.533282261793586,Good,0.14640534837038266
sample_098,/fake/path/sample_098.jpg,0.600793290778663,0.17202634301559866,1354741,95927,25600,"[89, 187, 188, 279]",40,"[0.6, 0.7, 0.7]",0.709,0.7997651226363243,33.52271580803582,1.0869948043014717,35.03744197351154,161.4353476062518,11.032226937987565,5.374401002359871,397.7186430403475,330.2759111474736,21.45378819178991,49.02881798924857,65.16394055253573,3.0105916019624175,0.8482591410358611,0.9234289092477662,-19.07807557877391,0.7749192782025734,Fair,0.2668695987573884
sample_099,/fake/path/sample_099.jpg,0.7971601785379702,0.17347303478796616,1650997,93618,25600,"[57, 66, 116, 189]",40,"[0.6, 0.7, 0.7]",0.709,0.99,31.96713274360761,16.96452157839819,35.98667595478082,44.368838327595434,244.0611656481169,4.3093886271036554,1330.0755471440239,653.3187145560413,1.3351546002569472,47.34286162388541,57.505361154353054,3.491104180677395,0.8524920905421381,0.8602951890521391,-10.935571458882357,15.926692271141066,Excellent,0.27345168664145786
