similarity,hamming_distance,total_bits,hash1,hash2,person_id,ethnicity,comparison_type,image1,image2,timestamp,person1_id,person2_id,ethnicity1,ethnicity2
0.6979166666666667,29,96,Perceptual hash: 0x483871a48965b805b2484a1d,Perceptual hash: 0x4a70f3252961b81755f903bb,urassayasperbund_test,caucasian,same_person,cac-tap-phim-co-su-tham-gia-cua-urassaya-sperbund-thumbail.jpg,urassaya-sperbund-attends-the-louis-vuitton-fallwinter-2023-2024-ready-to-wear-collection-presented-monday-march-6-2023-in-paris-vianney-le-caerinvisionap-2P51JY8.jpg,2025-08-04T13:52:53.684137,,,,
0.53125,45,96,Perceptual hash: 0x483871a48965b805b2484a1d,Perceptual hash: 0x4e306365dadc27366bf9f2f4,urassayasperbund_test,caucasian,same_person,cac-tap-phim-co-su-tham-gia-cua-urassaya-sperbund-thumbail.jpg,images (94).jpeg,2025-08-04T13:53:01.091744,,,,
0.5729166666666667,41,96,Perceptual hash: 0x483871a48965b805b2484a1d,Perceptual hash: 0x4a31e369d960921b013d266e,urassayasperbund_test,caucasian,same_person,cac-tap-phim-co-su-tham-gia-cua-urassaya-sperbund-thumbail.jpg,images - 2025-07-22T160915.784.jpeg,2025-08-04T13:53:08.483485,,,,
0.6354166666666667,35,96,Perceptual hash: 0x7fbc5c82e1bf391bfbf9439b,Perceptual hash: 0x77387467eebe639b6be5f4c2,henrygolding,caucasian,same_person,p09ttz9x.jpg,FEATURE_Henry-Golding-Tim-Palen-APPROVED-Headshot.jpg,2025-08-04T13:53:16.175246,,,,
0.6770833333333333,31,96,Perceptual hash: 0x7fbc5c82e1bf391bfbf9439b,Perceptual hash: 0xf7f93d804165913dea69849b,henrygolding,caucasian,same_person,p09ttz9x.jpg,Chocolate-Studio-Henry094.jpg,2025-08-04T13:53:24.817894,,,,
0.6041666666666667,38,96,Perceptual hash: 0x7fbc5c82e1bf391bfbf9439b,Perceptual hash: 0x577150878d218a9f7f630598,henrygolding,caucasian,same_person,p09ttz9x.jpg,henry-golding-1200.jpg,2025-08-04T13:53:32.480299,,,,
0.78125,21,96,Perceptual hash: 0x4b7c6b6b0967b9b69ff97dcb,Perceptual hash: 0x4b3c632b0167b9147b88670a,urassayasperbund,caucasian,same_person,d8JNb_5f.jpg,MV5BYjUzN2I1M2EtNGVlMC00MjgyLTljODItNGYwMmY0MThkZWYyXkEyXkFqcGc@._V1_.jpg,2025-08-04T13:53:40.125815,,,,
0.6666666666666667,32,96,Perceptual hash: 0x4b7c6b6b0967b9b69ff97dcb,Perceptual hash: 0x4a2863258045e93032593b8d,urassayasperbund,caucasian,same_person,d8JNb_5f.jpg,GettyImages-2175922406-1727812898-600x900.jpg,2025-08-04T13:53:47.684637,,,,
0.5833333333333333,40,96,Perceptual hash: 0x4b7c6b6b0967b9b69ff97dcb,Perceptual hash: 0x4a3d404deae7e3711f0fef0c,urassayasperbund,caucasian,same_person,d8JNb_5f.jpg,557db66284b4e4799841b493b030a837.jpg,2025-08-04T13:53:55.165838,,,,
0.7083333333333333,28,96,Perceptual hash: 0x77b13f228527381bb969869b,Perceptual hash: 0x63b848838925ac1b79ed0ab9,henrygolding_test,caucasian,same_person,henry_golding2.jpg,"1200px-Carmen_Roberts_and_Henry_Golding,_Presenters,_The_Travel_Show,_BBC_(cropped).jpg",2025-08-04T13:54:03.155932,,,,
0.5625,42,96,Perceptual hash: 0x77b13f228527381bb969869b,Perceptual hash: 0x7eb87465ee698cba6a39a430,henrygolding_test,caucasian,same_person,henry_golding2.jpg,henrygolding.jpg,2025-08-04T13:54:10.474329,,,,
0.5,48,96,Perceptual hash: 0x77b13f228527381bb969869b,Perceptual hash: 0x6738666bfefce3bb6ba7e4a0,henrygolding_test,caucasian,same_person,henry_golding2.jpg,rs_1200x1200-220309073150-1200-henry-golding-for-david-yurman-gj.jpg,2025-08-04T13:54:18.579126,,,,
0.6770833333333333,31,96,Perceptual hash: 0x483450a48bc46903b3e84299,Perceptual hash: 0x4a72e0a5c945b01e2fea32d1,gongli,chinese,same_person,officialgongli-1.jpg,001ec979096313a352d063.jpg,2025-08-04T13:54:25.951829,,,,
0.71875,27,96,Perceptual hash: 0x483450a48bc46903b3e84299,Perceptual hash: 0x4879c025eb40ef02237920b5,gongli,chinese,same_person,officialgongli-1.jpg,gongli-metgala.jpg,2025-08-04T13:54:33.465277,,,,
0.6458333333333333,34,96,Perceptual hash: 0x483450a48bc46903b3e84299,Perceptual hash: 0x5b78742199c6b7264179829b,gongli,chinese,same_person,officialgongli-1.jpg,20231007debd7717d8f248ebb9421d3c53390000_XxjspeE007030_20231007_CBMFN0A002.jpg,2025-08-04T13:54:41.664210,,,,
0.8541666666666666,14,96,Perceptual hash: 0x76e86c21c0443c2abacd2abb,Perceptual hash: 0x7fe86c23c0de3ebbbaed3abf,ronnychieng_test,chinese,same_person,ronny-chieng-martial-arts-comedy-film-project-696x442.jpg,Ronny-Chieng-1.jpg,2025-08-04T13:54:49.023032,,,,
0.71875,27,96,Perceptual hash: 0x76e86c21c0443c2abacd2abb,Perceptual hash: 0x72b87c608107a72a7aac3a85,ronnychieng_test,chinese,same_person,ronny-chieng-martial-arts-comedy-film-project-696x442.jpg,maxresdefault (1).jpg,2025-08-04T13:54:56.570755,,,,
0.6770833333333333,31,96,Perceptual hash: 0x76e86c21c0443c2abacd2abb,Perceptual hash: 0x7ff8662143de5f3b3ab137ea,ronnychieng_test,chinese,same_person,ronny-chieng-martial-arts-comedy-film-project-696x442.jpg,images (20).jpeg,2025-08-04T13:55:03.846982,,,,
0.6979166666666667,29,96,Perceptual hash: 0x4a21eda56b5cb916b66917c3,Perceptual hash: 0x4a70c0a58344e91438ea3390,gongli_test,chinese,same_person,GONG-LI_Head-of-Jury-for-the-55th-GHA-e1531859364238.jpg,hq720.jpg,2025-08-04T13:55:11.565269,,,,
0.65625,33,96,Perceptual hash: 0x4a21eda56b5cb916b66917c3,Perceptual hash: 0x483150a6834de814b2e84a9d,gongli_test,chinese,same_person,GONG-LI_Head-of-Jury-for-the-55th-GHA-e1531859364238.jpg,250px-Gong_Li_Cannes_2011.jpg,2025-08-04T13:55:19.301049,,,,
0.6354166666666667,35,96,Perceptual hash: 0x4a21eda56b5cb916b66917c3,Perceptual hash: 0x4af150a4c3cd4817fbe9029d,gongli_test,chinese,same_person,GONG-LI_Head-of-Jury-for-the-55th-GHA-e1531859364238.jpg,001ec9790963150dec6d00.jpg,2025-08-04T13:55:26.846357,,,,
0.625,36,96,Perceptual hash: 0x4a3c71a90b67a9551f2c3225,Perceptual hash: 0x48317085cf41b6366feb2311,yangmi,chinese,same_person,7622f563c4f7541213ba7d89f975a608.jpg,yang_Mi1.jpg,2025-08-04T13:55:34.851128,,,,
0.53125,45,96,Perceptual hash: 0x4a3c71a90b67a9551f2c3225,Perceptual hash: 0x4a7c40b48ed9311064d675d3,yangmi,chinese,same_person,7622f563c4f7541213ba7d89f975a608.jpg,chinese-actress-yang-mi-is-pictured-at-the-shanghai-hongqiao-international-airport-in-shanghai-china-23-june-2017-W7PHYB.jpg,2025-08-04T13:55:42.309542,,,,
0.6875,30,96,Perceptual hash: 0x4a3c71a90b67a9551f2c3225,Perceptual hash: 0x4a3cf0a48b44ed8863be2684,yangmi,chinese,same_person,7622f563c4f7541213ba7d89f975a608.jpg,Loewe-appoints-Chinese-actress-and-singer-Yang-Mi-as-global-brand-ambassador.jpg,2025-08-04T13:55:49.609585,,,,
0.5833333333333333,40,96,Perceptual hash: 0x73b18c06c3de1b06f9e82099,Perceptual hash: 0xf7b87c208565bc2a63790c1d,ronnychieng,chinese,same_person,AAAABWnaWoOPyCZ3O3zUx2gIvpbOgqFgekj-CU9uxXuMu9iZKXn9VqeQfrTJAKgZ3sZNRZXiXR3lp58xIAQTAw0M1xGHxAd4R3gYcS1L.jpg,240308-Ronny-Chieng-al-1232-d19fc8.jpg,2025-08-04T13:55:58.047978,,,,
0.65625,33,96,Perceptual hash: 0x73b18c06c3de1b06f9e82099,Perceptual hash: 0x77f81e80e6dacf13eab92641,ronnychieng,chinese,same_person,AAAABWnaWoOPyCZ3O3zUx2gIvpbOgqFgekj-CU9uxXuMu9iZKXn9VqeQfrTJAKgZ3sZNRZXiXR3lp58xIAQTAw0M1xGHxAd4R3gYcS1L.jpg,AAAAQWM1wTn6kH5qJbEIippTdLFW3nRxIR5or1dQMl8X85cV54rGA_ySMmOZdIt3EadFY6MaZ6FszKtWlQk8vZdC3Tk8M5ZDH86irkny8s88LJDYa-ljzvRuRZQmyMs8fj9gvDV9ZAeqMvDdj6zD_cl4J1Jq.jpg,2025-08-04T13:56:06.429749,,,,
0.6770833333333333,31,96,Perceptual hash: 0x73b18c06c3de1b06f9e82099,Perceptual hash: 0x77a17c8385273c23b1e9239b,ronnychieng,chinese,same_person,AAAABWnaWoOPyCZ3O3zUx2gIvpbOgqFgekj-CU9uxXuMu9iZKXn9VqeQfrTJAKgZ3sZNRZXiXR3lp58xIAQTAw0M1xGHxAd4R3gYcS1L.jpg,244936.jpg,2025-08-04T13:56:14.773326,,,,
0.6770833333333333,31,96,Perceptual hash: 0x4a3c60a10b5439362be94e8a,Perceptual hash: 0x5e387ba4835f2b05bff96b9d,yangmi_test,chinese,same_person,09ca4912922019f7ac585b75c65fa134.jpg,images - 2025-07-22T165147.336.jpeg,2025-08-04T13:56:21.953458,,,,
0.75,24,96,Perceptual hash: 0x4a3c60a10b5439362be94e8a,Perceptual hash: 0x4a7c61858965b834b9eb53d9,yangmi_test,chinese,same_person,09ca4912922019f7ac585b75c65fa134.jpg,images - 2025-07-22T165147.948.jpeg,2025-08-04T13:56:29.099256,,,,
0.7291666666666667,26,96,Perceptual hash: 0x4a3c60a10b5439362be94e8a,Perceptual hash: 0x4a34608d83dee9546baa3642,yangmi_test,chinese,same_person,09ca4912922019f7ac585b75c65fa134.jpg,download (6).jpeg,2025-08-04T13:56:36.263736,,,,
0.6770833333333333,31,96,Perceptual hash: 0x67b87e6cf6be490b6a319140,Perceptual hash: 0x67b0576da0350813f869b619,irrfankhan,indian,same_person,866fd52a6df6e549c883b22f442e4eca.jpg,285535_2904105_updates.jpg,2025-08-04T13:56:44.005852,,,,
0.6145833333333333,37,96,Perceptual hash: 0x67b87e6cf6be490b6a319140,Perceptual hash: 0x77f97ce1a40223bb7a693897,irrfankhan,indian,same_person,866fd52a6df6e549c883b22f442e4eca.jpg,Irrfan-Khan-IANS.jpg,2025-08-04T13:56:51.502102,,,,
0.6145833333333333,37,96,Perceptual hash: 0x67b87e6cf6be490b6a319140,Perceptual hash: 0x67f17c86ad279e13e9f730c0,irrfankhan,indian,same_person,866fd52a6df6e549c883b22f442e4eca.jpg,2220626-sunil_played_by_irrfan_khan_on_in_treatmentcopy-1589363779.jpg,2025-08-04T13:56:58.960733,,,,
0.8020833333333334,19,96,Perceptual hash: 0x4a3250a68347a80a73e80a9d,Perceptual hash: 0x4a3051e58165e90173ea3a09,priyankachopra_test,indian,same_person,dd259ba8-c64c-11ea-86df-6d561651b5f4_image_hires_182236.jpg,Priyanka-Chopra-on-straddling-Bollywood-and-Hollywood-To-be-able-to-work-in-two-of-the-largest-film-industries-in-the-world….jpg,2025-08-04T13:57:06.561911,,,,
0.7083333333333333,28,96,Perceptual hash: 0x4a3250a68347a80a73e80a9d,Perceptual hash: 0x4a2c716d8145e909330c7a2d,priyankachopra_test,indian,same_person,dd259ba8-c64c-11ea-86df-6d561651b5f4_image_hires_182236.jpg,images - 2025-07-22T160420.760.jpeg,2025-08-04T13:57:13.926075,,,,
0.7916666666666666,20,96,Perceptual hash: 0x4a3250a68347a80a73e80a9d,Perceptual hash: 0x482c71e78945e80832cc4a1d,priyankachopra_test,indian,same_person,dd259ba8-c64c-11ea-86df-6d561651b5f4_image_hires_182236.jpg,images - 2025-07-22T160420.982.jpeg,2025-08-04T13:57:21.627793,,,,
0.6875,30,96,Perceptual hash: 0x76b86766a923249338671220,Perceptual hash: 0x77b87c83fc2382ab78f33180,irrfankhan_test,indian,same_person,Irrfan-Khan-1-2024-04-c1507bcf500dd70d642d0b363464406b.jpg,maxresdefault.jpg,2025-08-04T13:57:29.494166,,,,
0.7083333333333333,28,96,Perceptual hash: 0x76b86766a923249338671220,Perceptual hash: 0x77f95466b822ee8b6f4f24a0,irrfankhan_test,indian,same_person,Irrfan-Khan-1-2024-04-c1507bcf500dd70d642d0b363464406b.jpg,irrfan-khan-dead.jpg,2025-08-04T13:57:37.951514,,,,
0.5625,42,96,Perceptual hash: 0x76b86766a923249338671220,Perceptual hash: 0x77b075096b67815bc6ada087,irrfankhan_test,indian,same_person,Irrfan-Khan-1-2024-04-c1507bcf500dd70d642d0b363464406b.jpg,d1d32f46d80205a1a504580779c886bc.jpg,2025-08-04T13:57:45.650264,,,,
0.5729166666666667,41,96,Perceptual hash: 0x5a3074878f45ad2c69ba22b6,Perceptual hash: 0x483d41e5e945a397876b6a9d,priyankachopra,indian,same_person,140316_3395.jpg,250px-Priyanka_Chopra_at_2019_Cannes_(cropped).jpg,2025-08-04T13:57:53.037188,,,,
0.75,24,96,Perceptual hash: 0x5a3074878f45ad2c69ba22b6,Perceptual hash: 0x4a3867258865a93421ea7282,priyankachopra,indian,same_person,140316_3395.jpg,priyanka-chopra-jonas-2.jpg,2025-08-04T13:58:00.919695,,,,
0.5520833333333333,43,96,Perceptual hash: 0x5a3074878f45ad2c69ba22b6,Perceptual hash: 0x483c71a5a9656855924ecb1d,priyankachopra,indian,same_person,140316_3395.jpg,rs_634x1024-150925153352-634--3Priyanka-Chopra-pretty-quantico.jpg,2025-08-04T13:58:08.665793,,,,
0.8854166666666666,11,96,Perceptual hash: 0x484ca9e1281031546e191eef,Perceptual hash: 0x494ca1e928123150ef181c4f,sitinurhaliza,malay,same_person,siti_nurhaliza_nicotine_pouch.jpg,Screenshot_2024-01-15-21-59-56-92_1c337646f29875672b5a61192b9010f9-e1705561969745.jpg,2025-08-04T13:58:16.204045,,,,
0.75,24,96,Perceptual hash: 0x484ca9e1281031546e191eef,Perceptual hash: 0x4048a1e4a392f346ee183a89,sitinurhaliza,malay,same_person,siti_nurhaliza_nicotine_pouch.jpg,siti_nurhaliza_781-orig1544440093.jpg,2025-08-04T13:58:23.858243,,,,
0.75,24,96,Perceptual hash: 0x484ca9e1281031546e191eef,Perceptual hash: 0x4069b1e52990d35c6b2c3e4d,sitinurhaliza,malay,same_person,siti_nurhaliza_nicotine_pouch.jpg,Siti_Nurhaliza_Performing_Memories_-_Dato'_Siti_Nurhaliza_&_Friends_(Cropped).jpg,2025-08-04T13:58:32.112938,,,,
0.8333333333333334,16,96,Perceptual hash: 0x4a64a2e02890fb546f180e49,Perceptual hash: 0x4864b088291079556f583e4f,sitinurhaliza_test,malay,same_person,2025 July26 Dato' Sri Siti Nurhaliza Live In Singapore@SISTIC-Event Main Images (mobile) 1146x1146 - Resize.jpg,olsschlwnss001a.jpg_1731982121.jpg,2025-08-04T13:58:40.235401,,,,
0.7708333333333334,22,96,Perceptual hash: 0x4a64a2e02890fb546f180e49,Perceptual hash: 0x4048a1e06911b156ef301ce9,sitinurhaliza_test,malay,same_person,2025 July26 Dato' Sri Siti Nurhaliza Live In Singapore@SISTIC-Event Main Images (mobile) 1146x1146 - Resize.jpg,content_siti-nurhaliza-ozasia.jpg,2025-08-04T13:58:48.784356,,,,
0.7291666666666667,26,96,Perceptual hash: 0x4a64a2e02890fb546f180e49,Perceptual hash: 0x5968b16c69707144ef5a1c4d,sitinurhaliza_test,malay,same_person,2025 July26 Dato' Sri Siti Nurhaliza Live In Singapore@SISTIC-Event Main Images (mobile) 1146x1146 - Resize.jpg,247094.jpg,2025-08-04T13:58:56.961479,,,,
0.5833333333333333,40,96,Perceptual hash: 0x73f02484c3de1c27ede835d9,Perceptual hash: 0x7ef15403ebd47f0a3bc9b207,aaronaziz_test,malay,same_person,aziz-aaron-image.jpg,aaron-filem.jpg,2025-08-04T13:59:04.306093,,,,
0.5833333333333333,40,96,Perceptual hash: 0x73f02484c3de1c27ede835d9,Perceptual hash: 0x66b040808546ed82791b32a0,aaronaziz_test,malay,same_person,aziz-aaron-image.jpg,Untitled-design-21-300x300.jpg,2025-08-04T13:59:11.528387,,,,
0.5625,42,96,Perceptual hash: 0x73f02484c3de1c27ede835d9,Perceptual hash: 0x77a46d032b069baa6a3d0691,aaronaziz_test,malay,same_person,aziz-aaron-image.jpg,7n_aaronazizused00.jpg,2025-08-04T13:59:19.151645,,,,
0.5833333333333333,40,96,Perceptual hash: 0x7fb86e21e25eb32b6a3937ab,Perceptual hash: 0x46b04484a7ddcfcb7b36a201,aaronaziz,malay,same_person,aaron-aziz_0.jpg,AaronAziz.jpg,2025-08-04T13:59:26.641073,,,,
0.6145833333333333,37,96,Perceptual hash: 0x7fb86e21e25eb32b6a3937ab,Perceptual hash: 0x57b03581e964b72b33afa004,aaronaziz,malay,same_person,aaron-aziz_0.jpg,AARON_AZIZXXCXSD_1646519414.jpg,2025-08-04T13:59:34.278261,,,,
0.6875,30,96,Perceptual hash: 0x7fb86e21e25eb32b6a3937ab,Perceptual hash: 0x67fc6c818cf68aab78372db9,aaronaziz,malay,same_person,aaron-aziz_0.jpg,aaron28_1509613445.jpg,2025-08-04T13:59:41.770414,,,,
0.5833333333333333,40,96,Perceptual hash: 0x483871a48965b805b2484a1d,Perceptual hash: 0x7fbc5c82e1bf391bfbf9439b,,,different_person,cac-tap-phim-co-su-tham-gia-cua-urassaya-sperbund-thumbail.jpg,p09ttz9x.jpg,2025-08-04T13:59:49.210900,urassayasperbund_test,henrygolding,caucasian,caucasian
0.59375,39,96,Perceptual hash: 0x483871a48965b805b2484a1d,Perceptual hash: 0x4b7c6b6b0967b9b69ff97dcb,,,different_person,cac-tap-phim-co-su-tham-gia-cua-urassaya-sperbund-thumbail.jpg,d8JNb_5f.jpg,2025-08-04T13:59:57.111307,urassayasperbund_test,urassayasperbund,caucasian,caucasian
0.6145833333333333,37,96,Perceptual hash: 0x483871a48965b805b2484a1d,Perceptual hash: 0x77b13f228527381bb969869b,,,different_person,cac-tap-phim-co-su-tham-gia-cua-urassaya-sperbund-thumbail.jpg,henry_golding2.jpg,2025-08-04T14:00:04.600792,urassayasperbund_test,henrygolding_test,caucasian,caucasian
0.7916666666666666,20,96,Perceptual hash: 0x483871a48965b805b2484a1d,Perceptual hash: 0x483450a48bc46903b3e84299,,,different_person,cac-tap-phim-co-su-tham-gia-cua-urassaya-sperbund-thumbail.jpg,officialgongli-1.jpg,2025-08-04T14:00:12.135527,urassayasperbund_test,gongli,caucasian,chinese
0.6145833333333333,37,96,Perceptual hash: 0x483871a48965b805b2484a1d,Perceptual hash: 0x76e86c21c0443c2abacd2abb,,,different_person,cac-tap-phim-co-su-tham-gia-cua-urassaya-sperbund-thumbail.jpg,ronny-chieng-martial-arts-comedy-film-project-696x442.jpg,2025-08-04T14:00:19.677767,urassayasperbund_test,ronnychieng_test,caucasian,chinese
0.6354166666666667,35,96,Perceptual hash: 0x483871a48965b805b2484a1d,Perceptual hash: 0x4a21eda56b5cb916b66917c3,,,different_person,cac-tap-phim-co-su-tham-gia-cua-urassaya-sperbund-thumbail.jpg,GONG-LI_Head-of-Jury-for-the-55th-GHA-e1531859364238.jpg,2025-08-04T14:00:27.372305,urassayasperbund_test,gongli_test,caucasian,chinese
0.71875,27,96,Perceptual hash: 0x483871a48965b805b2484a1d,Perceptual hash: 0x4a3c71a90b67a9551f2c3225,,,different_person,cac-tap-phim-co-su-tham-gia-cua-urassaya-sperbund-thumbail.jpg,7622f563c4f7541213ba7d89f975a608.jpg,2025-08-04T14:00:35.081613,urassayasperbund_test,yangmi,caucasian,chinese
0.53125,45,96,Perceptual hash: 0x483871a48965b805b2484a1d,Perceptual hash: 0x73b18c06c3de1b06f9e82099,,,different_person,cac-tap-phim-co-su-tham-gia-cua-urassaya-sperbund-thumbail.jpg,AAAABWnaWoOPyCZ3O3zUx2gIvpbOgqFgekj-CU9uxXuMu9iZKXn9VqeQfrTJAKgZ3sZNRZXiXR3lp58xIAQTAw0M1xGHxAd4R3gYcS1L.jpg,2025-08-04T14:00:43.058088,urassayasperbund_test,ronnychieng,caucasian,chinese
0.6875,30,96,Perceptual hash: 0x483871a48965b805b2484a1d,Perceptual hash: 0x4a3c60a10b5439362be94e8a,,,different_person,cac-tap-phim-co-su-tham-gia-cua-urassaya-sperbund-thumbail.jpg,09ca4912922019f7ac585b75c65fa134.jpg,2025-08-04T14:00:51.113276,urassayasperbund_test,yangmi_test,caucasian,chinese
0.4375,54,96,Perceptual hash: 0x483871a48965b805b2484a1d,Perceptual hash: 0x67b87e6cf6be490b6a319140,,,different_person,cac-tap-phim-co-su-tham-gia-cua-urassaya-sperbund-thumbail.jpg,866fd52a6df6e549c883b22f442e4eca.jpg,2025-08-04T14:00:58.638169,urassayasperbund_test,irrfankhan,caucasian,indian
0.7708333333333334,22,96,Perceptual hash: 0x483871a48965b805b2484a1d,Perceptual hash: 0x4a3250a68347a80a73e80a9d,,,different_person,cac-tap-phim-co-su-tham-gia-cua-urassaya-sperbund-thumbail.jpg,dd259ba8-c64c-11ea-86df-6d561651b5f4_image_hires_182236.jpg,2025-08-04T14:01:06.302729,urassayasperbund_test,priyankachopra_test,caucasian,indian
0.5833333333333333,40,96,Perceptual hash: 0x483871a48965b805b2484a1d,Perceptual hash: 0x76b86766a923249338671220,,,different_person,cac-tap-phim-co-su-tham-gia-cua-urassaya-sperbund-thumbail.jpg,Irrfan-Khan-1-2024-04-c1507bcf500dd70d642d0b363464406b.jpg,2025-08-04T14:01:14.055922,urassayasperbund_test,irrfankhan_test,caucasian,indian
0.625,36,96,Perceptual hash: 0x483871a48965b805b2484a1d,Perceptual hash: 0x5a3074878f45ad2c69ba22b6,,,different_person,cac-tap-phim-co-su-tham-gia-cua-urassaya-sperbund-thumbail.jpg,140316_3395.jpg,2025-08-04T14:01:22.024434,urassayasperbund_test,priyankachopra,caucasian,indian
0.5729166666666667,41,96,Perceptual hash: 0x483871a48965b805b2484a1d,Perceptual hash: 0x484ca9e1281031546e191eef,,,different_person,cac-tap-phim-co-su-tham-gia-cua-urassaya-sperbund-thumbail.jpg,siti_nurhaliza_nicotine_pouch.jpg,2025-08-04T14:01:29.596457,urassayasperbund_test,sitinurhaliza,caucasian,malay
0.5833333333333333,40,96,Perceptual hash: 0x483871a48965b805b2484a1d,Perceptual hash: 0x4a64a2e02890fb546f180e49,,,different_person,cac-tap-phim-co-su-tham-gia-cua-urassaya-sperbund-thumbail.jpg,2025 July26 Dato' Sri Siti Nurhaliza Live In Singapore@SISTIC-Event Main Images (mobile) 1146x1146 - Resize.jpg,2025-08-04T14:01:37.402379,urassayasperbund_test,sitinurhaliza_test,caucasian,malay
0.53125,45,96,Perceptual hash: 0x483871a48965b805b2484a1d,Perceptual hash: 0x73f02484c3de1c27ede835d9,,,different_person,cac-tap-phim-co-su-tham-gia-cua-urassaya-sperbund-thumbail.jpg,aziz-aaron-image.jpg,2025-08-04T14:01:44.877651,urassayasperbund_test,aaronaziz_test,caucasian,malay
0.47916666666666663,50,96,Perceptual hash: 0x483871a48965b805b2484a1d,Perceptual hash: 0x7fb86e21e25eb32b6a3937ab,,,different_person,cac-tap-phim-co-su-tham-gia-cua-urassaya-sperbund-thumbail.jpg,aaron-aziz_0.jpg,2025-08-04T14:01:52.389322,urassayasperbund_test,aaronaziz,caucasian,malay
0.59375,39,96,Perceptual hash: 0x7fbc5c82e1bf391bfbf9439b,Perceptual hash: 0x4b7c6b6b0967b9b69ff97dcb,,,different_person,p09ttz9x.jpg,d8JNb_5f.jpg,2025-08-04T14:02:00.202610,henrygolding,urassayasperbund,caucasian,caucasian
0.7395833333333333,25,96,Perceptual hash: 0x7fbc5c82e1bf391bfbf9439b,Perceptual hash: 0x77b13f228527381bb969869b,,,different_person,p09ttz9x.jpg,henry_golding2.jpg,2025-08-04T14:02:07.515648,henrygolding,henrygolding_test,caucasian,caucasian
0.6666666666666667,32,96,Perceptual hash: 0x7fbc5c82e1bf391bfbf9439b,Perceptual hash: 0x483450a48bc46903b3e84299,,,different_person,p09ttz9x.jpg,officialgongli-1.jpg,2025-08-04T14:02:14.847885,henrygolding,gongli,caucasian,chinese
0.6354166666666667,35,96,Perceptual hash: 0x7fbc5c82e1bf391bfbf9439b,Perceptual hash: 0x76e86c21c0443c2abacd2abb,,,different_person,p09ttz9x.jpg,ronny-chieng-martial-arts-comedy-film-project-696x442.jpg,2025-08-04T14:02:22.636948,henrygolding,ronnychieng_test,caucasian,chinese
0.5729166666666667,41,96,Perceptual hash: 0x7fbc5c82e1bf391bfbf9439b,Perceptual hash: 0x4a21eda56b5cb916b66917c3,,,different_person,p09ttz9x.jpg,GONG-LI_Head-of-Jury-for-the-55th-GHA-e1531859364238.jpg,2025-08-04T14:02:30.142553,henrygolding,gongli_test,caucasian,chinese
0.5104166666666667,47,96,Perceptual hash: 0x7fbc5c82e1bf391bfbf9439b,Perceptual hash: 0x4a3c71a90b67a9551f2c3225,,,different_person,p09ttz9x.jpg,7622f563c4f7541213ba7d89f975a608.jpg,2025-08-04T14:02:37.748824,henrygolding,yangmi,caucasian,chinese
0.6979166666666667,29,96,Perceptual hash: 0x7fbc5c82e1bf391bfbf9439b,Perceptual hash: 0x73b18c06c3de1b06f9e82099,,,different_person,p09ttz9x.jpg,AAAABWnaWoOPyCZ3O3zUx2gIvpbOgqFgekj-CU9uxXuMu9iZKXn9VqeQfrTJAKgZ3sZNRZXiXR3lp58xIAQTAw0M1xGHxAd4R3gYcS1L.jpg,2025-08-04T14:02:45.528317,henrygolding,ronnychieng,caucasian,chinese
0.625,36,96,Perceptual hash: 0x7fbc5c82e1bf391bfbf9439b,Perceptual hash: 0x4a3c60a10b5439362be94e8a,,,different_person,p09ttz9x.jpg,09ca4912922019f7ac585b75c65fa134.jpg,2025-08-04T14:02:52.822616,henrygolding,yangmi_test,caucasian,chinese
0.625,36,96,Perceptual hash: 0x7fbc5c82e1bf391bfbf9439b,Perceptual hash: 0x67b87e6cf6be490b6a319140,,,different_person,p09ttz9x.jpg,866fd52a6df6e549c883b22f442e4eca.jpg,2025-08-04T14:03:00.191675,henrygolding,irrfankhan,caucasian,indian
0.6458333333333333,34,96,Perceptual hash: 0x7fbc5c82e1bf391bfbf9439b,Perceptual hash: 0x4a3250a68347a80a73e80a9d,,,different_person,p09ttz9x.jpg,dd259ba8-c64c-11ea-86df-6d561651b5f4_image_hires_182236.jpg,2025-08-04T14:03:07.662913,henrygolding,priyankachopra_test,caucasian,indian
0.5625,42,96,Perceptual hash: 0x7fbc5c82e1bf391bfbf9439b,Perceptual hash: 0x76b86766a923249338671220,,,different_person,p09ttz9x.jpg,Irrfan-Khan-1-2024-04-c1507bcf500dd70d642d0b363464406b.jpg,2025-08-04T14:03:15.964326,henrygolding,irrfankhan_test,caucasian,indian
0.5625,42,96,Perceptual hash: 0x7fbc5c82e1bf391bfbf9439b,Perceptual hash: 0x5a3074878f45ad2c69ba22b6,,,different_person,p09ttz9x.jpg,140316_3395.jpg,2025-08-04T14:03:23.460709,henrygolding,priyankachopra,caucasian,indian
0.46875,51,96,Perceptual hash: 0x7fbc5c82e1bf391bfbf9439b,Perceptual hash: 0x484ca9e1281031546e191eef,,,different_person,p09ttz9x.jpg,siti_nurhaliza_nicotine_pouch.jpg,2025-08-04T14:03:30.812354,henrygolding,sitinurhaliza,caucasian,malay
0.47916666666666663,50,96,Perceptual hash: 0x7fbc5c82e1bf391bfbf9439b,Perceptual hash: 0x4a64a2e02890fb546f180e49,,,different_person,p09ttz9x.jpg,2025 July26 Dato' Sri Siti Nurhaliza Live In Singapore@SISTIC-Event Main Images (mobile) 1146x1146 - Resize.jpg,2025-08-04T14:03:38.443280,henrygolding,sitinurhaliza_test,caucasian,malay
0.6354166666666667,35,96,Perceptual hash: 0x7fbc5c82e1bf391bfbf9439b,Perceptual hash: 0x73f02484c3de1c27ede835d9,,,different_person,p09ttz9x.jpg,aziz-aaron-image.jpg,2025-08-04T14:03:45.708083,henrygolding,aaronaziz_test,caucasian,malay
0.6875,30,96,Perceptual hash: 0x7fbc5c82e1bf391bfbf9439b,Perceptual hash: 0x7fb86e21e25eb32b6a3937ab,,,different_person,p09ttz9x.jpg,aaron-aziz_0.jpg,2025-08-04T14:03:53.356839,henrygolding,aaronaziz,caucasian,malay
0.5833333333333333,40,96,Perceptual hash: 0x4b7c6b6b0967b9b69ff97dcb,Perceptual hash: 0x77b13f228527381bb969869b,,,different_person,d8JNb_5f.jpg,henry_golding2.jpg,2025-08-04T14:04:00.834360,urassayasperbund,henrygolding_test,caucasian,caucasian
0.5520833333333333,43,96,Perceptual hash: 0x4b7c6b6b0967b9b69ff97dcb,Perceptual hash: 0x483450a48bc46903b3e84299,,,different_person,d8JNb_5f.jpg,officialgongli-1.jpg,2025-08-04T14:04:08.865241,urassayasperbund,gongli,caucasian,chinese
0.5625,42,96,Perceptual hash: 0x4b7c6b6b0967b9b69ff97dcb,Perceptual hash: 0x76e86c21c0443c2abacd2abb,,,different_person,d8JNb_5f.jpg,ronny-chieng-martial-arts-comedy-film-project-696x442.jpg,2025-08-04T14:04:16.394215,urassayasperbund,ronnychieng_test,caucasian,chinese
0.6458333333333333,34,96,Perceptual hash: 0x4b7c6b6b0967b9b69ff97dcb,Perceptual hash: 0x4a21eda56b5cb916b66917c3,,,different_person,d8JNb_5f.jpg,GONG-LI_Head-of-Jury-for-the-55th-GHA-e1531859364238.jpg,2025-08-04T14:04:24.596577,urassayasperbund,gongli_test,caucasian,chinese
0.6666666666666667,32,96,Perceptual hash: 0x4b7c6b6b0967b9b69ff97dcb,Perceptual hash: 0x4a3c71a90b67a9551f2c3225,,,different_person,d8JNb_5f.jpg,7622f563c4f7541213ba7d89f975a608.jpg,2025-08-04T14:04:32.294342,urassayasperbund,yangmi,caucasian,chinese
0.5,48,96,Perceptual hash: 0x4b7c6b6b0967b9b69ff97dcb,Perceptual hash: 0x73b18c06c3de1b06f9e82099,,,different_person,d8JNb_5f.jpg,AAAABWnaWoOPyCZ3O3zUx2gIvpbOgqFgekj-CU9uxXuMu9iZKXn9VqeQfrTJAKgZ3sZNRZXiXR3lp58xIAQTAw0M1xGHxAd4R3gYcS1L.jpg,2025-08-04T14:04:40.269362,urassayasperbund,ronnychieng,caucasian,chinese
0.71875,27,96,Perceptual hash: 0x4b7c6b6b0967b9b69ff97dcb,Perceptual hash: 0x4a3c60a10b5439362be94e8a,,,different_person,d8JNb_5f.jpg,09ca4912922019f7ac585b75c65fa134.jpg,2025-08-04T14:04:47.794328,urassayasperbund,yangmi_test,caucasian,chinese
0.44791666666666663,53,96,Perceptual hash: 0x4b7c6b6b0967b9b69ff97dcb,Perceptual hash: 0x67b87e6cf6be490b6a319140,,,different_person,d8JNb_5f.jpg,866fd52a6df6e549c883b22f442e4eca.jpg,2025-08-04T14:04:55.722367,urassayasperbund,irrfankhan,caucasian,indian
0.5520833333333333,43,96,Perceptual hash: 0x4b7c6b6b0967b9b69ff97dcb,Perceptual hash: 0x4a3250a68347a80a73e80a9d,,,different_person,d8JNb_5f.jpg,dd259ba8-c64c-11ea-86df-6d561651b5f4_image_hires_182236.jpg,2025-08-04T14:05:03.375053,urassayasperbund,priyankachopra_test,caucasian,indian
0.5104166666666667,47,96,Perceptual hash: 0x4b7c6b6b0967b9b69ff97dcb,Perceptual hash: 0x76b86766a923249338671220,,,different_person,d8JNb_5f.jpg,Irrfan-Khan-1-2024-04-c1507bcf500dd70d642d0b363464406b.jpg,2025-08-04T14:05:11.371917,urassayasperbund,irrfankhan_test,caucasian,indian
0.5104166666666667,47,96,Perceptual hash: 0x4b7c6b6b0967b9b69ff97dcb,Perceptual hash: 0x5a3074878f45ad2c69ba22b6,,,different_person,d8JNb_5f.jpg,140316_3395.jpg,2025-08-04T14:05:19.051577,urassayasperbund,priyankachopra,caucasian,indian
0.6041666666666667,38,96,Perceptual hash: 0x4b7c6b6b0967b9b69ff97dcb,Perceptual hash: 0x484ca9e1281031546e191eef,,,different_person,d8JNb_5f.jpg,siti_nurhaliza_nicotine_pouch.jpg,2025-08-04T14:05:26.585065,urassayasperbund,sitinurhaliza,caucasian,malay
0.5729166666666667,41,96,Perceptual hash: 0x4b7c6b6b0967b9b69ff97dcb,Perceptual hash: 0x4a64a2e02890fb546f180e49,,,different_person,d8JNb_5f.jpg,2025 July26 Dato' Sri Siti Nurhaliza Live In Singapore@SISTIC-Event Main Images (mobile) 1146x1146 - Resize.jpg,2025-08-04T14:05:34.389460,urassayasperbund,sitinurhaliza_test,caucasian,malay
0.5416666666666667,44,96,Perceptual hash: 0x4b7c6b6b0967b9b69ff97dcb,Perceptual hash: 0x73f02484c3de1c27ede835d9,,,different_person,d8JNb_5f.jpg,aziz-aaron-image.jpg,2025-08-04T14:05:41.814098,urassayasperbund,aaronaziz_test,caucasian,malay
0.5729166666666667,41,96,Perceptual hash: 0x4b7c6b6b0967b9b69ff97dcb,Perceptual hash: 0x7fb86e21e25eb32b6a3937ab,,,different_person,d8JNb_5f.jpg,aaron-aziz_0.jpg,2025-08-04T14:05:49.311919,urassayasperbund,aaronaziz,caucasian,malay
0.59375,39,96,Perceptual hash: 0x77b13f228527381bb969869b,Perceptual hash: 0x483450a48bc46903b3e84299,,,different_person,henry_golding2.jpg,officialgongli-1.jpg,2025-08-04T14:05:56.931206,henrygolding_test,gongli,caucasian,chinese
0.6666666666666667,32,96,Perceptual hash: 0x77b13f228527381bb969869b,Perceptual hash: 0x76e86c21c0443c2abacd2abb,,,different_person,henry_golding2.jpg,ronny-chieng-martial-arts-comedy-film-project-696x442.jpg,2025-08-04T14:06:04.298314,henrygolding_test,ronnychieng_test,caucasian,chinese
