image_id,image_path,face_confidence,detection_time,original_size,face_region_size,processed_size,face_box,min_face_size,scale_factor,ssim_score,psnr_score,mse_score,mae_score,original_blur,processed_blur,blur_degradation,original_sharpness,processed_sharpness,sharpness_degradation,original_contrast,processed_contrast,contrast_change,histogram_correlation,edge_preservation,mean_pixel_diff,std_pixel_diff,processed_path,comparison_path,original_crop_path
img_0000,images/celeb-dataset/chinese/gongli/officialgongli-1.jpg,0.9999455809593201,0.5528156757354736,160000,23895,25600,"[113, 68, 135, 177]",40,0.709,1.0,0.0,0.0,0.0,187.08900081634522,187.08900081634522,0.0,41.582245617503816,41.582245617503816,0.0,41.77245898334303,41.77245898334303,0.0,1.0,1.0,0.0,0.0,celebrity_mtcnn_analysis/chinese_gongli/images/processed_faces/img_0000_processed.jpg,celebrity_mtcnn_analysis/chinese_gongli/images/side_by_side/img_0000_comparison.jpg,celebrity_mtcnn_analysis/chinese_gongli/images/original_crops/img_0000_original.jpg
img_0001,images/celeb-dataset/chinese/gongli/001ec979096313a352d063.jpg,0.9994550347328186,0.5289037227630615,270000,20111,25600,"[174, 49, 119, 169]",40,0.709,1.0,0.0,0.0,0.0,303.9304415512085,303.9304415512085,0.0,59.596592713669416,59.596592713669416,0.0,57.67626293372132,57.67626293372132,0.0,1.0,1.0,0.0,0.0,celebrity_mtcnn_analysis/chinese_gongli/images/processed_faces/img_0001_processed.jpg,celebrity_mtcnn_analysis/chinese_gongli/images/side_by_side/img_0001_comparison.jpg,celebrity_mtcnn_analysis/chinese_gongli/images/original_crops/img_0001_original.jpg
img_0002,images/celeb-dataset/chinese/gongli/gongli-metgala.jpg,0.9999991655349731,0.6254239082336426,623700,110295,25600,"[364, 139, 285, 387]",40,0.709,1.0,0.0,0.0,0.0,382.43957763061525,382.43957763061525,0.0,55.658504115824954,55.658504115824954,0.0,47.04934841696404,47.04934841696404,0.0,1.0,1.0,0.0,0.0,celebrity_mtcnn_analysis/chinese_gongli/images/processed_faces/img_0002_processed.jpg,celebrity_mtcnn_analysis/chinese_gongli/images/side_by_side/img_0002_comparison.jpg,celebrity_mtcnn_analysis/chinese_gongli/images/original_crops/img_0002_original.jpg
img_0003,images/celeb-dataset/chinese/gongli/20231007debd7717d8f248ebb9421d3c53390000_XxjspeE007030_20231007_CBMFN0A002.jpg,0.9999909400939941,0.5873117446899414,540000,24235,25600,"[406, 127, 131, 185]",40,0.709,1.0,0.0,0.0,0.0,462.438461668396,462.438461668396,0.0,74.3768025693464,74.3768025693464,0.0,49.7004150244963,49.7004150244963,0.0,1.0,1.0,0.0,0.0,celebrity_mtcnn_analysis/chinese_gongli/images/processed_faces/img_0003_processed.jpg,celebrity_mtcnn_analysis/chinese_gongli/images/side_by_side/img_0003_comparison.jpg,celebrity_mtcnn_analysis/chinese_gongli/images/original_crops/img_0003_original.jpg
img_0004,images/celeb-dataset/chinese/gongli/To Live.jpg,0.9999602437019348,0.5137853622436523,294480,34454,25600,"[318, 62, 161, 214]",40,0.709,1.0,0.0,0.0,0.0,219.07112167358395,219.07112167358395,0.0,49.90704528440173,49.90704528440173,0.0,54.1545941466278,54.1545941466278,0.0,1.0,1.0,0.0,0.0,celebrity_mtcnn_analysis/chinese_gongli/images/processed_faces/img_0004_processed.jpg,celebrity_mtcnn_analysis/chinese_gongli/images/side_by_side/img_0004_comparison.jpg,celebrity_mtcnn_analysis/chinese_gongli/images/original_crops/img_0004_original.jpg
img_0005,images/celeb-dataset/chinese/gongli/gong-li-red-sorghum.jpg,0.9999942779541016,0.5740723609924316,359200,62208,25600,"[302, 85, 216, 288]",40,0.709,1.0,0.0,0.0,0.0,153.57857579193112,153.57857579193112,0.0,40.76446299738169,40.76446299738169,0.0,35.04529800843474,35.04529800843474,0.0,1.0,1.0,0.0,0.0,celebrity_mtcnn_analysis/chinese_gongli/images/processed_faces/img_0005_processed.jpg,celebrity_mtcnn_analysis/chinese_gongli/images/side_by_side/img_0005_comparison.jpg,celebrity_mtcnn_analysis/chinese_gongli/images/original_crops/img_0005_original.jpg
img_0006,images/celeb-dataset/chinese/gongli/Gong_Li_Cannes_2016 (1).jpg,0.9999178051948547,0.6100494861602783,727740,52528,25600,"[564, 58, 196, 268]",40,0.709,1.0,0.0,0.0,0.0,459.2823025985717,459.2823025985717,0.0,55.087286996423344,55.087286996423344,0.0,47.274811317377974,47.274811317377974,0.0,1.0,1.0,0.0,0.0,celebrity_mtcnn_analysis/chinese_gongli/images/processed_faces/img_0006_processed.jpg,celebrity_mtcnn_analysis/chinese_gongli/images/side_by_side/img_0006_comparison.jpg,celebrity_mtcnn_analysis/chinese_gongli/images/original_crops/img_0006_original.jpg
img_0007,images/celeb-dataset/chinese/gongli/55b30029d8cc724ae43cb0ed34cd2cfa.jpg,0.9999992251396179,0.5377490520477295,541800,96016,25600,"[195, 123, 272, 353]",40,0.709,1.0,0.0,0.0,0.0,1363.7052003646852,1363.7052003646852,0.0,71.95010263136237,71.95010263136237,0.0,65.19624586892489,65.19624586892489,0.0,1.0,1.0,0.0,0.0,celebrity_mtcnn_analysis/chinese_gongli/images/processed_faces/img_0007_processed.jpg,celebrity_mtcnn_analysis/chinese_gongli/images/side_by_side/img_0007_comparison.jpg,celebrity_mtcnn_analysis/chinese_gongli/images/original_crops/img_0007_original.jpg
img_0008,images/celeb-dataset/chinese/gongli/Gong_Li_Cannes_2016.jpg,0.9999927878379822,0.5590653419494629,404586,52650,25600,"[229, 63, 195, 270]",40,0.709,1.0,0.0,0.0,0.0,459.445452734375,459.445452734375,0.0,52.71962079158675,52.71962079158675,0.0,46.06942614539724,46.06942614539724,0.0,1.0,1.0,0.0,0.0,celebrity_mtcnn_analysis/chinese_gongli/images/processed_faces/img_0008_processed.jpg,celebrity_mtcnn_analysis/chinese_gongli/images/side_by_side/img_0008_comparison.jpg,celebrity_mtcnn_analysis/chinese_gongli/images/original_crops/img_0008_original.jpg
img_0009,images/celeb-dataset/chinese/gongli/8065db3caee7b4690d35574d4e85047a.jpg,0.9999502301216125,0.5256719589233398,299400,41888,25600,"[184, 105, 187, 224]",40,0.709,1.0,0.0,0.0,0.0,417.69261898040764,417.69261898040764,0.0,55.243484510779915,55.243484510779915,0.0,79.8474149587613,79.8474149587613,0.0,1.0,1.0,0.0,0.0,celebrity_mtcnn_analysis/chinese_gongli/images/processed_faces/img_0009_processed.jpg,celebrity_mtcnn_analysis/chinese_gongli/images/side_by_side/img_0009_comparison.jpg,celebrity_mtcnn_analysis/chinese_gongli/images/original_crops/img_0009_original.jpg
img_0010,images/celeb-dataset/chinese/gongli/cover-gongli.jpg,0.9998250603675842,0.5385339260101318,656640,37910,25600,"[449, 57, 170, 223]",40,0.709,1.0,0.0,0.0,0.0,524.9675988220215,524.9675988220215,0.0,64.32160198632818,64.32160198632818,0.0,58.5553658712242,58.5553658712242,0.0,1.0,1.0,0.0,0.0,celebrity_mtcnn_analysis/chinese_gongli/images/processed_faces/img_0010_processed.jpg,celebrity_mtcnn_analysis/chinese_gongli/images/side_by_side/img_0010_comparison.jpg,celebrity_mtcnn_analysis/chinese_gongli/images/original_crops/img_0010_original.jpg
img_0011,images/celeb-dataset/chinese/gongli/2016051220184970091.jpg,0.999965488910675,0.477628231048584,201300,1218,25600,"[156, 126, 29, 42]",40,0.709,1.0,0.0,0.0,0.0,17.879062493896484,17.879062493896484,0.0,40.374462363661934,40.374462363661934,0.0,45.18077022142505,45.18077022142505,0.0,1.0,1.0,0.0,0.0,celebrity_mtcnn_analysis/chinese_gongli/images/processed_faces/img_0011_processed.jpg,celebrity_mtcnn_analysis/chinese_gongli/images/side_by_side/img_0011_comparison.jpg,celebrity_mtcnn_analysis/chinese_gongli/images/original_crops/img_0011_original.jpg
img_0012,images/celeb-dataset/chinese/gongli/gongli_0.jpg,0.9999574422836304,0.5863854885101318,571648,29962,25600,"[432, 163, 142, 211]",40,0.709,1.0,0.0,0.0,0.0,336.690234375,336.690234375,0.0,53.605816466847344,53.605816466847344,0.0,49.96545538792579,49.96545538792579,0.0,1.0,1.0,0.0,0.0,celebrity_mtcnn_analysis/chinese_gongli/images/processed_faces/img_0012_processed.jpg,celebrity_mtcnn_analysis/chinese_gongli/images/side_by_side/img_0012_comparison.jpg,celebrity_mtcnn_analysis/chinese_gongli/images/original_crops/img_0012_original.jpg
img_0013,images/celeb-dataset/chinese/gongli/images - 2025-07-22T155411.112.jpeg,0.9939028024673462,0.39447879791259766,50400,9628,25600,"[41, 44, 83, 116]",40,0.709,1.0,0.0,0.0,0.0,99.5515383529663,99.5515383529663,0.0,38.511272210436914,38.511272210436914,0.0,38.95018075484324,38.95018075484324,0.0,1.0,1.0,0.0,0.0,celebrity_mtcnn_analysis/chinese_gongli/images/processed_faces/img_0013_processed.jpg,celebrity_mtcnn_analysis/chinese_gongli/images/side_by_side/img_0013_comparison.jpg,celebrity_mtcnn_analysis/chinese_gongli/images/original_crops/img_0013_original.jpg
img_0014,images/celeb-dataset/chinese/gongli/images - 2025-07-22T155411.127.jpeg,0.9999786615371704,0.42144060134887695,50625,10947,25600,"[65, 0, 89, 123]",40,0.709,1.0,0.0,0.0,0.0,144.9746191345215,144.9746191345215,0.0,48.4291940466409,48.4291940466409,0.0,44.860477810873356,44.860477810873356,0.0,1.0,1.0,0.0,0.0,celebrity_mtcnn_analysis/chinese_gongli/images/processed_faces/img_0014_processed.jpg,celebrity_mtcnn_analysis/chinese_gongli/images/side_by_side/img_0014_comparison.jpg,celebrity_mtcnn_analysis/chinese_gongli/images/original_crops/img_0014_original.jpg
img_0015,images/celeb-dataset/chinese/gongli/download (8).jpeg,0.9989978671073914,0.42333221435546875,50625,7008,25600,"[72, 36, 73, 96]",40,0.709,1.0,0.0,0.0,0.0,104.62656718597412,104.62656718597412,0.0,52.34234374578622,52.34234374578622,0.0,48.39560548600834,48.39560548600834,0.0,1.0,1.0,0.0,0.0,celebrity_mtcnn_analysis/chinese_gongli/images/processed_faces/img_0015_processed.jpg,celebrity_mtcnn_analysis/chinese_gongli/images/side_by_side/img_0015_comparison.jpg,celebrity_mtcnn_analysis/chinese_gongli/images/original_crops/img_0015_original.jpg
img_0016,images/celeb-dataset/chinese/gongli/images (47).jpeg,0.9998645782470703,0.38996195793151855,50478,7828,25600,"[61, 39, 76, 103]",40,0.709,1.0,0.0,0.0,0.0,205.27955759277341,205.27955759277341,0.0,63.09035125372906,63.09035125372906,0.0,58.41358254898402,58.41358254898402,0.0,1.0,1.0,0.0,0.0,celebrity_mtcnn_analysis/chinese_gongli/images/processed_faces/img_0016_processed.jpg,celebrity_mtcnn_analysis/chinese_gongli/images/side_by_side/img_0016_comparison.jpg,celebrity_mtcnn_analysis/chinese_gongli/images/original_crops/img_0016_original.jpg
img_0017,images/celeb-dataset/chinese/gongli/images (51).jpeg,0.9980983138084412,0.39463019371032715,50490,3996,25600,"[63, 12, 54, 74]",40,0.709,1.0,0.0,0.0,0.0,133.92629335937502,133.92629335937502,0.0,59.6366731124825,59.6366731124825,0.0,46.603142971352796,46.603142971352796,0.0,1.0,1.0,0.0,0.0,celebrity_mtcnn_analysis/chinese_gongli/images/processed_faces/img_0017_processed.jpg,celebrity_mtcnn_analysis/chinese_gongli/images/side_by_side/img_0017_comparison.jpg,celebrity_mtcnn_analysis/chinese_gongli/images/original_crops/img_0017_original.jpg
img_0018,images/celeb-dataset/chinese/gongli/images (31).jpeg,0.9986157417297363,0.3915829658508301,50325,3120,25600,"[113, 44, 48, 65]",40,0.709,1.0,0.0,0.0,0.0,21.497807481384275,21.497807481384275,0.0,34.84792885013228,34.84792885013228,0.0,44.716922341014744,44.716922341014744,0.0,1.0,1.0,0.0,0.0,celebrity_mtcnn_analysis/chinese_gongli/images/processed_faces/img_0018_processed.jpg,celebrity_mtcnn_analysis/chinese_gongli/images/side_by_side/img_0018_comparison.jpg,celebrity_mtcnn_analysis/chinese_gongli/images/original_crops/img_0018_original.jpg
img_0019,images/celeb-dataset/chinese/gongli/images - 2025-07-22T155411.353.jpeg,0.9997711777687073,0.4064793586730957,50246,3570,25600,"[74, 23, 51, 70]",40,0.709,1.0,0.0,0.0,0.0,89.91754253997802,89.91754253997802,0.0,53.089046290064196,53.089046290064196,0.0,52.22882955508706,52.22882955508706,0.0,1.0,1.0,0.0,0.0,celebrity_mtcnn_analysis/chinese_gongli/images/processed_faces/img_0019_processed.jpg,celebrity_mtcnn_analysis/chinese_gongli/images/side_by_side/img_0019_comparison.jpg,celebrity_mtcnn_analysis/chinese_gongli/images/original_crops/img_0019_original.jpg
img_0020,images/celeb-dataset/chinese/gongli/download (6).jpeg,0.9902589321136475,0.3933522701263428,50463,5185,25600,"[72, 40, 61, 85]",40,0.709,1.0,0.0,0.0,0.0,131.50498867034915,131.50498867034915,0.0,59.90949249410993,59.90949249410993,0.0,52.19339282078037,52.19339282078037,0.0,1.0,1.0,0.0,0.0,celebrity_mtcnn_analysis/chinese_gongli/images/processed_faces/img_0020_processed.jpg,celebrity_mtcnn_analysis/chinese_gongli/images/side_by_side/img_0020_comparison.jpg,celebrity_mtcnn_analysis/chinese_gongli/images/original_crops/img_0020_original.jpg
img_0021,images/celeb-dataset/chinese/gongli/images - 2025-07-22T155411.113.jpeg,0.9915977716445923,0.7999899387359619,50325,4290,25600,"[66, 38, 55, 78]",40,0.709,1.0,0.0,0.0,0.0,50.469681634521486,50.469681634521486,0.0,46.81906159243065,46.81906159243065,0.0,50.9094081257853,50.9094081257853,0.0,1.0,1.0,0.0,0.0,celebrity_mtcnn_analysis/chinese_gongli/images/processed_faces/img_0021_processed.jpg,celebrity_mtcnn_analysis/chinese_gongli/images/side_by_side/img_0021_comparison.jpg,celebrity_mtcnn_analysis/chinese_gongli/images/original_crops/img_0021_original.jpg
img_0022,images/celeb-dataset/chinese/gongli/images (73).jpeg,0.9999171495437622,0.4446084499359131,50325,8056,25600,"[55, 47, 76, 106]",40,0.709,1.0,0.0,0.0,0.0,105.7171282333374,105.7171282333374,0.0,45.85829528018584,45.85829528018584,0.0,41.826199488448154,41.826199488448154,0.0,1.0,1.0,0.0,0.0,celebrity_mtcnn_analysis/chinese_gongli/images/processed_faces/img_0022_processed.jpg,celebrity_mtcnn_analysis/chinese_gongli/images/side_by_side/img_0022_comparison.jpg,celebrity_mtcnn_analysis/chinese_gongli/images/original_crops/img_0022_original.jpg
img_0023,images/celeb-dataset/chinese/gongli/download (23).jpeg,0.9837659597396851,0.4117915630340576,50325,1408,25600,"[74, 20, 32, 44]",40,0.709,1.0,0.0,0.0,0.0,32.631913987731934,32.631913987731934,0.0,44.22441076671657,44.22441076671657,0.0,42.15008507437849,42.15008507437849,0.0,1.0,1.0,0.0,0.0,celebrity_mtcnn_analysis/chinese_gongli/images/processed_faces/img_0023_processed.jpg,celebrity_mtcnn_analysis/chinese_gongli/images/side_by_side/img_0023_comparison.jpg,celebrity_mtcnn_analysis/chinese_gongli/images/original_crops/img_0023_original.jpg
img_0024,images/celeb-dataset/chinese/gongli/download (10).jpeg,0.9990979433059692,0.4065256118774414,50596,6392,25600,"[63, 27, 68, 94]",40,0.709,1.0,0.0,0.0,0.0,99.06742833099365,99.06742833099365,0.0,52.77769335772534,52.77769335772534,0.0,49.6470925072908,49.6470925072908,0.0,1.0,1.0,0.0,0.0,celebrity_mtcnn_analysis/chinese_gongli/images/processed_faces/img_0024_processed.jpg,celebrity_mtcnn_analysis/chinese_gongli/images/side_by_side/img_0024_comparison.jpg,celebrity_mtcnn_analysis/chinese_gongli/images/original_crops/img_0024_original.jpg
img_0025,images/celeb-dataset/chinese/gongli/images (52).jpeg,0.9993853569030762,0.40293240547180176,50530,8100,25600,"[173, 16, 75, 108]",40,0.709,1.0,0.0,0.0,0.0,208.46684198608398,208.46684198608398,0.0,66.06313831400246,66.06313831400246,0.0,61.161777327455674,61.161777327455674,0.0,1.0,1.0,0.0,0.0,celebrity_mtcnn_analysis/chinese_gongli/images/processed_faces/img_0025_processed.jpg,celebrity_mtcnn_analysis/chinese_gongli/images/side_by_side/img_0025_comparison.jpg,celebrity_mtcnn_analysis/chinese_gongli/images/original_crops/img_0025_original.jpg
img_0026,images/celeb-dataset/chinese/gongli/images - 2025-07-22T155411.163.jpeg,0.9991890788078308,0.40500664710998535,50478,2028,25600,"[67, 27, 39, 52]",40,0.709,1.0,0.0,0.0,0.0,37.71031247558594,37.71031247558594,0.0,50.351455055123395,50.351455055123395,0.0,59.968927329531475,59.968927329531475,0.0,1.0,1.0,0.0,0.0,celebrity_mtcnn_analysis/chinese_gongli/images/processed_faces/img_0026_processed.jpg,celebrity_mtcnn_analysis/chinese_gongli/images/side_by_side/img_0026_comparison.jpg,celebrity_mtcnn_analysis/chinese_gongli/images/original_crops/img_0026_original.jpg
img_0027,images/celeb-dataset/chinese/gongli/images (76).jpeg,0.9996583461761475,0.4111661911010742,50445,825,25600,"[66, 45, 25, 33]",40,0.709,1.0,0.0,0.0,0.0,14.122812445068357,14.122812445068357,0.0,41.23532215531418,41.23532215531418,0.0,52.15190766647821,52.15190766647821,0.0,1.0,1.0,0.0,0.0,celebrity_mtcnn_analysis/chinese_gongli/images/processed_faces/img_0027_processed.jpg,celebrity_mtcnn_analysis/chinese_gongli/images/side_by_side/img_0027_comparison.jpg,celebrity_mtcnn_analysis/chinese_gongli/images/original_crops/img_0027_original.jpg
img_0028,images/celeb-dataset/chinese/gongli/images - 2025-07-22T155411.122.jpeg,0.9999376535415649,0.41305017471313477,50325,7622,25600,"[49, 33, 74, 103]",40,0.709,1.0,0.0,0.0,0.0,79.29279722747803,79.29279722747803,0.0,39.632884288038355,39.632884288038355,0.0,38.96436944759493,38.96436944759493,0.0,1.0,1.0,0.0,0.0,celebrity_mtcnn_analysis/chinese_gongli/images/processed_faces/img_0028_processed.jpg,celebrity_mtcnn_analysis/chinese_gongli/images/side_by_side/img_0028_comparison.jpg,celebrity_mtcnn_analysis/chinese_gongli/images/original_crops/img_0028_original.jpg
img_0029,images/celeb-dataset/chinese/gongli/images - 2025-07-22T155411.164.jpeg,0.9994787573814392,0.41593098640441895,50246,2790,25600,"[88, 42, 45, 62]",40,0.709,1.0,0.0,0.0,0.0,12.383278770446779,12.383278770446779,0.0,28.995796397704993,28.995796397704993,0.0,40.3232062185001,40.3232062185001,0.0,1.0,1.0,0.0,0.0,celebrity_mtcnn_analysis/chinese_gongli/images/processed_faces/img_0029_processed.jpg,celebrity_mtcnn_analysis/chinese_gongli/images/side_by_side/img_0029_comparison.jpg,celebrity_mtcnn_analysis/chinese_gongli/images/original_crops/img_0029_original.jpg
img_0030,images/celeb-dataset/chinese/gongli/images - 2025-07-22T155411.371.jpeg,0.9999867677688599,0.40157103538513184,50400,7154,25600,"[70, 33, 73, 98]",40,0.709,1.0,0.0,0.0,0.0,96.40575762786867,96.40575762786867,0.0,49.488588528569416,49.488588528569416,0.0,43.72254584017374,43.72254584017374,0.0,1.0,1.0,0.0,0.0,celebrity_mtcnn_analysis/chinese_gongli/images/processed_faces/img_0030_processed.jpg,celebrity_mtcnn_analysis/chinese_gongli/images/side_by_side/img_0030_comparison.jpg,celebrity_mtcnn_analysis/chinese_gongli/images/original_crops/img_0030_original.jpg
img_0031,images/celeb-dataset/chinese/gongli/images (38).jpeg,0.9982948899269104,0.3948490619659424,50303,22326,25600,"[65, 25, 134, 183]",40,0.709,1.0,0.0,0.0,0.0,495.8262109375,495.8262109375,0.0,56.557914418110634,56.557914418110634,0.0,62.27315005691839,62.27315005691839,0.0,1.0,1.0,0.0,0.0,celebrity_mtcnn_analysis/chinese_gongli/images/processed_faces/img_0031_processed.jpg,celebrity_mtcnn_analysis/chinese_gongli/images/side_by_side/img_0031_comparison.jpg,celebrity_mtcnn_analysis/chinese_gongli/images/original_crops/img_0031_original.jpg
img_0032,images/celeb-dataset/chinese/gongli/images (78).jpeg,0.9966562986373901,0.3942551612854004,50451,3564,25600,"[88, 36, 54, 66]",40,0.709,1.0,0.0,0.0,0.0,101.81613845214844,101.81613845214844,0.0,63.60685728385452,63.60685728385452,0.0,87.06778809397814,87.06778809397814,0.0,1.0,1.0,0.0,0.0,celebrity_mtcnn_analysis/chinese_gongli/images/processed_faces/img_0032_processed.jpg,celebrity_mtcnn_analysis/chinese_gongli/images/side_by_side/img_0032_comparison.jpg,celebrity_mtcnn_analysis/chinese_gongli/images/original_crops/img_0032_original.jpg
img_0033,images/celeb-dataset/chinese/gongli/images (65).jpeg,0.9944348931312561,0.3908562660217285,50310,475,25600,"[49, 11, 19, 25]",40,0.709,1.0,0.0,0.0,0.0,6.88437494506836,6.88437494506836,0.0,27.480522594016694,27.480522594016694,0.0,34.651134780511136,34.651134780511136,0.0,1.0,1.0,0.0,0.0,celebrity_mtcnn_analysis/chinese_gongli/images/processed_faces/img_0033_processed.jpg,celebrity_mtcnn_analysis/chinese_gongli/images/side_by_side/img_0033_comparison.jpg,celebrity_mtcnn_analysis/chinese_gongli/images/original_crops/img_0033_original.jpg
img_0034,images/celeb-dataset/chinese/gongli/images - 2025-07-22T155411.066.jpeg,0.9999998807907104,0.3955850601196289,50325,9744,25600,"[49, 41, 87, 112]",40,0.709,1.0,0.0,0.0,0.0,107.38954893646242,107.38954893646242,0.0,51.795941404968616,51.795941404968616,0.0,63.39946555022477,63.39946555022477,0.0,1.0,1.0,0.0,0.0,celebrity_mtcnn_analysis/chinese_gongli/images/processed_faces/img_0034_processed.jpg,celebrity_mtcnn_analysis/chinese_gongli/images/side_by_side/img_0034_comparison.jpg,celebrity_mtcnn_analysis/chinese_gongli/images/original_crops/img_0034_original.jpg
img_0035,images/celeb-dataset/chinese/gongli/images - 2025-07-22T155411.055.jpeg,0.9979440569877625,0.40143561363220215,50303,1178,25600,"[83, 27, 31, 38]",40,0.709,1.0,0.0,0.0,0.0,19.98667967376709,19.98667967376709,0.0,38.89973931829822,38.89973931829822,0.0,43.708826663576545,43.708826663576545,0.0,1.0,1.0,0.0,0.0,celebrity_mtcnn_analysis/chinese_gongli/images/processed_faces/img_0035_processed.jpg,celebrity_mtcnn_analysis/chinese_gongli/images/side_by_side/img_0035_comparison.jpg,celebrity_mtcnn_analysis/chinese_gongli/images/original_crops/img_0035_original.jpg
img_0036,images/celeb-dataset/chinese/gongli/images (15).jpeg,0.9979074001312256,0.42221498489379883,50274,609,25600,"[57, 17, 21, 29]",40,0.709,1.0,0.0,0.0,0.0,5.829218743896485,5.829218743896485,0.0,26.458762926137577,26.458762926137577,0.0,39.63989489590504,39.63989489590504,0.0,1.0,1.0,0.0,0.0,celebrity_mtcnn_analysis/chinese_gongli/images/processed_faces/img_0036_processed.jpg,celebrity_mtcnn_analysis/chinese_gongli/images/side_by_side/img_0036_comparison.jpg,celebrity_mtcnn_analysis/chinese_gongli/images/original_crops/img_0036_original.jpg
img_0037,images/celeb-dataset/chinese/gongli/download (5).jpeg,0.9999909996986389,0.38962268829345703,50478,6860,25600,"[80, 19, 70, 98]",40,0.709,1.0,0.0,0.0,0.0,102.78522946777345,102.78522946777345,0.0,50.69126656122389,50.69126656122389,0.0,47.449979023180106,47.449979023180106,0.0,1.0,1.0,0.0,0.0,celebrity_mtcnn_analysis/chinese_gongli/images/processed_faces/img_0037_processed.jpg,celebrity_mtcnn_analysis/chinese_gongli/images/side_by_side/img_0037_comparison.jpg,celebrity_mtcnn_analysis/chinese_gongli/images/original_crops/img_0037_original.jpg
img_0038,images/celeb-dataset/chinese/gongli/images (34).jpeg,0.9999947547912598,0.8149712085723877,50451,3692,25600,"[81, 24, 52, 71]",40,0.709,1.0,0.0,0.0,0.0,22.171530859374997,22.171530859374997,0.0,28.842775277738053,28.842775277738053,0.0,35.80874734885788,35.80874734885788,0.0,1.0,1.0,0.0,0.0,celebrity_mtcnn_analysis/chinese_gongli/images/processed_faces/img_0038_processed.jpg,celebrity_mtcnn_analysis/chinese_gongli/images/side_by_side/img_0038_comparison.jpg,celebrity_mtcnn_analysis/chinese_gongli/images/original_crops/img_0038_original.jpg
img_0039,images/celeb-dataset/chinese/gongli/images (12).jpeg,0.9988731741905212,0.45008039474487305,50416,1496,25600,"[87, 36, 34, 44]",40,0.709,1.0,0.0,0.0,0.0,25.28550777435303,25.28550777435303,0.0,39.38084458332276,39.38084458332276,0.0,45.6719384720248,45.6719384720248,0.0,1.0,1.0,0.0,0.0,celebrity_mtcnn_analysis/chinese_gongli/images/processed_faces/img_0039_processed.jpg,celebrity_mtcnn_analysis/chinese_gongli/images/side_by_side/img_0039_comparison.jpg,celebrity_mtcnn_analysis/chinese_gongli/images/original_crops/img_0039_original.jpg
img_0040,images/celeb-dataset/chinese/gongli/images - 2025-07-22T155411.374.jpeg,0.999941349029541,0.45049118995666504,50430,7332,25600,"[74, 42, 78, 94]",40,0.709,1.0,0.0,0.0,0.0,95.64693298339844,95.64693298339844,0.0,54.52712062719525,54.52712062719525,0.0,79.4900688063784,79.4900688063784,0.0,1.0,1.0,0.0,0.0,celebrity_mtcnn_analysis/chinese_gongli/images/processed_faces/img_0040_processed.jpg,celebrity_mtcnn_analysis/chinese_gongli/images/side_by_side/img_0040_comparison.jpg,celebrity_mtcnn_analysis/chinese_gongli/images/original_crops/img_0040_original.jpg
img_0041,images/celeb-dataset/chinese/gongli/images (95).jpeg,0.9960376024246216,0.44899916648864746,50490,1015,25600,"[79, 20, 29, 35]",40,0.709,1.0,0.0,0.0,0.0,17.21945311889648,17.21945311889648,0.0,41.29312798541654,41.29312798541654,0.0,52.86878494704928,52.86878494704928,0.0,1.0,1.0,0.0,0.0,celebrity_mtcnn_analysis/chinese_gongli/images/processed_faces/img_0041_processed.jpg,celebrity_mtcnn_analysis/chinese_gongli/images/side_by_side/img_0041_comparison.jpg,celebrity_mtcnn_analysis/chinese_gongli/images/original_crops/img_0041_original.jpg
img_0042,images/celeb-dataset/chinese/gongli/download (18).jpeg,0.9996645450592041,0.40996766090393066,50400,792,25600,"[140, 22, 24, 33]",40,0.709,1.0,0.0,0.0,0.0,12.677773399353027,12.677773399353027,0.0,34.25236146653816,34.25236146653816,0.0,36.412132458283835,36.412132458283835,0.0,1.0,1.0,0.0,0.0,celebrity_mtcnn_analysis/chinese_gongli/images/processed_faces/img_0042_processed.jpg,celebrity_mtcnn_analysis/chinese_gongli/images/side_by_side/img_0042_comparison.jpg,celebrity_mtcnn_analysis/chinese_gongli/images/original_crops/img_0042_original.jpg
img_0043,images/celeb-dataset/chinese/gongli/images (100).jpeg,0.9989005327224731,0.38313984870910645,50375,962,25600,"[50, 25, 26, 37]",40,0.709,1.0,0.0,0.0,0.0,14.249335899353024,14.249335899353024,0.0,37.731862647130264,37.731862647130264,0.0,49.10599456912553,49.10599456912553,0.0,1.0,1.0,0.0,0.0,celebrity_mtcnn_analysis/chinese_gongli/images/processed_faces/img_0043_processed.jpg,celebrity_mtcnn_analysis/chinese_gongli/images/side_by_side/img_0043_comparison.jpg,celebrity_mtcnn_analysis/chinese_gongli/images/original_crops/img_0043_original.jpg
img_0044,images/celeb-dataset/chinese/gongli/images - 2025-07-22T155411.251.jpeg,0.998640239238739,0.40531039237976074,50325,8769,25600,"[66, 46, 79, 111]",40,0.709,1.0,0.0,0.0,0.0,163.8566342224121,163.8566342224121,0.0,43.7958208479737,43.7958208479737,0.0,36.008843409601546,36.008843409601546,0.0,1.0,1.0,0.0,0.0,celebrity_mtcnn_analysis/chinese_gongli/images/processed_faces/img_0044_processed.jpg,celebrity_mtcnn_analysis/chinese_gongli/images/side_by_side/img_0044_comparison.jpg,celebrity_mtcnn_analysis/chinese_gongli/images/original_crops/img_0044_original.jpg
img_0045,images/celeb-dataset/chinese/gongli/images (22).jpeg,0.9998899698257446,0.39720773696899414,50325,1176,25600,"[22, 15, 28, 42]",40,0.709,1.0,0.0,0.0,0.0,13.608242112731935,13.608242112731935,0.0,32.3501991907571,32.3501991907571,0.0,43.93850299281871,43.93850299281871,0.0,1.0,1.0,0.0,0.0,celebrity_mtcnn_analysis/chinese_gongli/images/processed_faces/img_0045_processed.jpg,celebrity_mtcnn_analysis/chinese_gongli/images/side_by_side/img_0045_comparison.jpg,celebrity_mtcnn_analysis/chinese_gongli/images/original_crops/img_0045_original.jpg
img_0046,images/celeb-dataset/chinese/gongli/images - 2025-07-22T155411.214.jpeg,0.9999557733535767,0.3952443599700928,50246,6138,25600,"[59, 20, 66, 93]",40,0.709,1.0,0.0,0.0,0.0,56.700375677490236,56.700375677490236,0.0,35.95664578416824,35.95664578416824,0.0,44.89856730665112,44.89856730665112,0.0,1.0,1.0,0.0,0.0,celebrity_mtcnn_analysis/chinese_gongli/images/processed_faces/img_0046_processed.jpg,celebrity_mtcnn_analysis/chinese_gongli/images/side_by_side/img_0046_comparison.jpg,celebrity_mtcnn_analysis/chinese_gongli/images/original_crops/img_0046_original.jpg
img_0047,images/celeb-dataset/chinese/gongli/images - 2025-07-22T155411.290.jpeg,0.9999980926513672,0.40619373321533203,50414,7980,25600,"[96, 18, 76, 105]",40,0.709,1.0,0.0,0.0,0.0,77.70337154388427,77.70337154388427,0.0,55.1304892657752,55.1304892657752,0.0,47.54858852270706,47.54858852270706,0.0,1.0,1.0,0.0,0.0,celebrity_mtcnn_analysis/chinese_gongli/images/processed_faces/img_0047_processed.jpg,celebrity_mtcnn_analysis/chinese_gongli/images/side_by_side/img_0047_comparison.jpg,celebrity_mtcnn_analysis/chinese_gongli/images/original_crops/img_0047_original.jpg
img_0048,images/celeb-dataset/chinese/gongli/images - 2025-07-22T155411.328.jpeg,0.9984192848205566,0.3973710536956787,50325,2352,25600,"[60, 31, 42, 56]",40,0.709,1.0,0.0,0.0,0.0,30.353944358825682,30.353944358825682,0.0,45.38487459509646,45.38487459509646,0.0,45.729594801361586,45.729594801361586,0.0,1.0,1.0,0.0,0.0,celebrity_mtcnn_analysis/chinese_gongli/images/processed_faces/img_0048_processed.jpg,celebrity_mtcnn_analysis/chinese_gongli/images/side_by_side/img_0048_comparison.jpg,celebrity_mtcnn_analysis/chinese_gongli/images/original_crops/img_0048_original.jpg
img_0049,images/celeb-dataset/chinese/gongli/download (25).jpeg,0.9994959235191345,0.40584802627563477,50232,1764,25600,"[116, 24, 36, 49]",40,0.709,1.0,0.0,0.0,0.0,27.06421875,27.06421875,0.0,45.93784337157349,45.93784337157349,0.0,53.39656767824885,53.39656767824885,0.0,1.0,1.0,0.0,0.0,celebrity_mtcnn_analysis/chinese_gongli/images/processed_faces/img_0049_processed.jpg,celebrity_mtcnn_analysis/chinese_gongli/images/side_by_side/img_0049_comparison.jpg,celebrity_mtcnn_analysis/chinese_gongli/images/original_crops/img_0049_original.jpg
img_0050,images/celeb-dataset/chinese/gongli/download (16).jpeg,0.9987179040908813,0.3941915035247803,50246,1408,25600,"[78, 17, 32, 44]",40,0.709,1.0,0.0,0.0,0.0,19.83386717376709,19.83386717376709,0.0,37.20292309695933,37.20292309695933,0.0,44.83736282010306,44.83736282010306,0.0,1.0,1.0,0.0,0.0,celebrity_mtcnn_analysis/chinese_gongli/images/processed_faces/img_0050_processed.jpg,celebrity_mtcnn_analysis/chinese_gongli/images/side_by_side/img_0050_comparison.jpg,celebrity_mtcnn_analysis/chinese_gongli/images/original_crops/img_0050_original.jpg
img_0051,images/celeb-dataset/chinese/gongli/download (9).jpeg,0.9999972581863403,0.39240407943725586,50246,14416,25600,"[45, 26, 106, 136]",40,0.709,1.0,0.0,0.0,0.0,267.7229771713257,267.7229771713257,0.0,58.69116133838175,58.69116133838175,0.0,50.461209206140694,50.461209206140694,0.0,1.0,1.0,0.0,0.0,celebrity_mtcnn_analysis/chinese_gongli/images/processed_faces/img_0051_processed.jpg,celebrity_mtcnn_analysis/chinese_gongli/images/side_by_side/img_0051_comparison.jpg,celebrity_mtcnn_analysis/chinese_gongli/images/original_crops/img_0051_original.jpg
img_0052,images/celeb-dataset/chinese/gongli/images - 2025-07-22T155411.169.jpeg,0.9996535181999207,0.40029239654541016,50268,7676,25600,"[103, 25, 76, 101]",40,0.709,1.0,0.0,0.0,0.0,147.71514022827148,147.71514022827148,0.0,64.08854704591246,64.08854704591246,0.0,57.86864924162084,57.86864924162084,0.0,1.0,1.0,0.0,0.0,celebrity_mtcnn_analysis/chinese_gongli/images/processed_faces/img_0052_processed.jpg,celebrity_mtcnn_analysis/chinese_gongli/images/side_by_side/img_0052_comparison.jpg,celebrity_mtcnn_analysis/chinese_gongli/images/original_crops/img_0052_original.jpg
img_0053,images/celeb-dataset/chinese/gongli/images - 2025-07-22T155411.217.jpeg,0.9986147880554199,0.3979964256286621,50350,14935,25600,"[112, 20, 103, 145]",40,0.709,1.0,0.0,0.0,0.0,312.76382035980225,312.76382035980225,0.0,68.50380750598434,68.50380750598434,0.0,69.8851350043339,69.8851350043339,0.0,1.0,1.0,0.0,0.0,celebrity_mtcnn_analysis/chinese_gongli/images/processed_faces/img_0053_processed.jpg,celebrity_mtcnn_analysis/chinese_gongli/images/side_by_side/img_0053_comparison.jpg,celebrity_mtcnn_analysis/chinese_gongli/images/original_crops/img_0053_original.jpg
img_0054,images/celeb-dataset/chinese/gongli/images - 2025-07-22T155411.216.jpeg,0.9996155500411987,0.3932967185974121,50373,7800,25600,"[83, 15, 75, 104]",40,0.709,1.0,0.0,0.0,0.0,209.92548356781003,209.92548356781003,0.0,67.48705887912521,67.48705887912521,0.0,68.46114106599484,68.46114106599484,0.0,1.0,1.0,0.0,0.0,celebrity_mtcnn_analysis/chinese_gongli/images/processed_faces/img_0054_processed.jpg,celebrity_mtcnn_analysis/chinese_gongli/images/side_by_side/img_0054_comparison.jpg,celebrity_mtcnn_analysis/chinese_gongli/images/original_crops/img_0054_original.jpg
img_0055,images/celeb-dataset/chinese/gongli/images (18).jpeg,0.997960090637207,0.40297698974609375,50240,638,25600,"[67, 16, 22, 29]",40,0.709,1.0,0.0,0.0,0.0,7.223671868896483,7.223671868896483,0.0,29.1330129762975,29.1330129762975,0.0,47.028010999281946,47.028010999281946,0.0,1.0,1.0,0.0,0.0,celebrity_mtcnn_analysis/chinese_gongli/images/processed_faces/img_0055_processed.jpg,celebrity_mtcnn_analysis/chinese_gongli/images/side_by_side/img_0055_comparison.jpg,celebrity_mtcnn_analysis/chinese_gongli/images/original_crops/img_0055_original.jpg
img_0056,images/celeb-dataset/chinese/gongli/download (24).jpeg,0.9999507069587708,0.4802095890045166,50451,5733,25600,"[56, 47, 63, 91]",40,0.709,1.0,0.0,0.0,0.0,51.60994189300538,51.60994189300538,0.0,35.72564281479838,35.72564281479838,0.0,43.05832780921231,43.05832780921231,0.0,1.0,1.0,0.0,0.0,celebrity_mtcnn_analysis/chinese_gongli/images/processed_faces/img_0056_processed.jpg,celebrity_mtcnn_analysis/chinese_gongli/images/side_by_side/img_0056_comparison.jpg,celebrity_mtcnn_analysis/chinese_gongli/images/original_crops/img_0056_original.jpg
img_0057,images/celeb-dataset/chinese/gongli/images - 2025-07-22T155411.000.jpeg,0.9999809265136719,0.42911791801452637,50572,8239,25600,"[60, 22, 77, 107]",40,0.709,1.0,0.0,0.0,0.0,177.22317806243896,177.22317806243896,0.0,59.18724993813433,59.18724993813433,0.0,54.244778964506274,54.244778964506274,0.0,1.0,1.0,0.0,0.0,celebrity_mtcnn_analysis/chinese_gongli/images/processed_faces/img_0057_processed.jpg,celebrity_mtcnn_analysis/chinese_gongli/images/side_by_side/img_0057_comparison.jpg,celebrity_mtcnn_analysis/chinese_gongli/images/original_crops/img_0057_original.jpg
img_0058,images/celeb-dataset/chinese/gongli/images - 2025-07-22T155411.205.jpeg,0.9997974038124084,0.41500043869018555,50546,7950,25600,"[64, 41, 75, 106]",40,0.709,1.0,0.0,0.0,0.0,68.20618142089843,68.20618142089843,0.0,54.927364318063056,54.927364318063056,0.0,52.07069740011531,52.07069740011531,0.0,1.0,1.0,0.0,0.0,celebrity_mtcnn_analysis/chinese_gongli/images/processed_faces/img_0058_processed.jpg,celebrity_mtcnn_analysis/chinese_gongli/images/side_by_side/img_0058_comparison.jpg,celebrity_mtcnn_analysis/chinese_gongli/images/original_crops/img_0058_original.jpg
img_0059,images/celeb-dataset/chinese/gongli/download (14).jpeg,0.9936487674713135,0.42603373527526855,50470,6624,25600,"[77, 31, 69, 96]",40,0.709,1.0,0.0,0.0,0.0,98.77566396484376,98.77566396484376,0.0,51.04568009060953,51.04568009060953,0.0,49.34491198659537,49.34491198659537,0.0,1.0,1.0,0.0,0.0,celebrity_mtcnn_analysis/chinese_gongli/images/processed_faces/img_0059_processed.jpg,celebrity_mtcnn_analysis/chinese_gongli/images/side_by_side/img_0059_comparison.jpg,celebrity_mtcnn_analysis/chinese_gongli/images/original_crops/img_0059_original.jpg
img_0060,images/celeb-dataset/chinese/gongli/images - 2025-07-22T155411.067.jpeg,0.99909508228302,0.4089174270629883,50508,5418,25600,"[56, 25, 63, 86]",40,0.709,1.0,0.0,0.0,0.0,53.984975561523434,53.984975561523434,0.0,41.080177324456315,41.080177324456315,0.0,48.89212091342556,48.89212091342556,0.0,1.0,1.0,0.0,0.0,celebrity_mtcnn_analysis/chinese_gongli/images/processed_faces/img_0060_processed.jpg,celebrity_mtcnn_analysis/chinese_gongli/images/side_by_side/img_0060_comparison.jpg,celebrity_mtcnn_analysis/chinese_gongli/images/original_crops/img_0060_original.jpg
img_0061,images/celeb-dataset/chinese/gongli/images (62).jpeg,0.9999913573265076,0.40265870094299316,50566,3816,25600,"[59, 19, 53, 72]",40,0.709,1.0,0.0,0.0,0.0,46.38249236907959,46.38249236907959,0.0,44.60451181903876,44.60451181903876,0.0,51.56308856855136,51.56308856855136,0.0,1.0,1.0,0.0,0.0,celebrity_mtcnn_analysis/chinese_gongli/images/processed_faces/img_0061_processed.jpg,celebrity_mtcnn_analysis/chinese_gongli/images/side_by_side/img_0061_comparison.jpg,celebrity_mtcnn_analysis/chinese_gongli/images/original_crops/img_0061_original.jpg
img_0062,images/celeb-dataset/chinese/gongli/images (63).jpeg,0.9998611211776733,0.4180624485015869,50286,3850,25600,"[43, 28, 55, 70]",40,0.709,1.0,0.0,0.0,0.0,37.87433300170898,37.87433300170898,0.0,40.04841401858558,40.04841401858558,0.0,47.68615495290861,47.68615495290861,0.0,1.0,1.0,0.0,0.0,celebrity_mtcnn_analysis/chinese_gongli/images/processed_faces/img_0062_processed.jpg,celebrity_mtcnn_analysis/chinese_gongli/images/side_by_side/img_0062_comparison.jpg,celebrity_mtcnn_analysis/chinese_gongli/images/original_crops/img_0062_original.jpg
img_0063,images/celeb-dataset/chinese/gongli/images (59).jpeg,0.9999973773956299,0.4382503032684326,50625,6831,25600,"[44, 43, 69, 99]",40,0.709,1.0,0.0,0.0,0.0,68.54849701538086,68.54849701538086,0.0,40.66687210900958,40.66687210900958,0.0,42.76319165084537,42.76319165084537,0.0,1.0,1.0,0.0,0.0,celebrity_mtcnn_analysis/chinese_gongli/images/processed_faces/img_0063_processed.jpg,celebrity_mtcnn_analysis/chinese_gongli/images/side_by_side/img_0063_comparison.jpg,celebrity_mtcnn_analysis/chinese_gongli/images/original_crops/img_0063_original.jpg
img_0064,images/celeb-dataset/chinese/gongli/download (19).jpeg,0.9987164735794067,0.3956441879272461,50274,2604,25600,"[129, 49, 42, 62]",40,0.709,1.0,0.0,0.0,0.0,40.767145494079585,40.767145494079585,0.0,47.19663225959824,47.19663225959824,0.0,48.29205947637928,48.29205947637928,0.0,1.0,1.0,0.0,0.0,celebrity_mtcnn_analysis/chinese_gongli/images/processed_faces/img_0064_processed.jpg,celebrity_mtcnn_analysis/chinese_gongli/images/side_by_side/img_0064_comparison.jpg,celebrity_mtcnn_analysis/chinese_gongli/images/original_crops/img_0064_original.jpg
img_0065,images/celeb-dataset/chinese/gongli/images - 2025-07-22T155411.180.jpeg,0.9994292855262756,0.39363908767700195,50463,2478,25600,"[82, 34, 42, 59]",40,0.709,1.0,0.0,0.0,0.0,53.08300583496093,53.08300583496093,0.0,48.476238430116844,48.476238430116844,0.0,45.53619409751607,45.53619409751607,0.0,1.0,1.0,0.0,0.0,celebrity_mtcnn_analysis/chinese_gongli/images/processed_faces/img_0065_processed.jpg,celebrity_mtcnn_analysis/chinese_gongli/images/side_by_side/img_0065_comparison.jpg,celebrity_mtcnn_analysis/chinese_gongli/images/original_crops/img_0065_original.jpg
img_0066,images/celeb-dataset/chinese/gongli/images (72).jpeg,0.9910629987716675,0.39451098442077637,50400,768,25600,"[146, 18, 24, 32]",40,0.709,1.0,0.0,0.0,0.0,18.223710935974122,18.223710935974122,0.0,35.42589952070479,35.42589952070479,0.0,43.43036551008802,43.43036551008802,0.0,1.0,1.0,0.0,0.0,celebrity_mtcnn_analysis/chinese_gongli/images/processed_faces/img_0066_processed.jpg,celebrity_mtcnn_analysis/chinese_gongli/images/side_by_side/img_0066_comparison.jpg,celebrity_mtcnn_analysis/chinese_gongli/images/original_crops/img_0066_original.jpg
img_0067,images/celeb-dataset/chinese/gongli/images - 2025-07-22T155411.725.jpeg,0.99962317943573,0.4221465587615967,50478,1800,25600,"[142, 52, 36, 50]",40,0.709,1.0,0.0,0.0,0.0,22.06707029876709,22.06707029876709,0.0,38.14377404366051,38.14377404366051,0.0,50.09921235856881,50.09921235856881,0.0,1.0,1.0,0.0,0.0,celebrity_mtcnn_analysis/chinese_gongli/images/processed_faces/img_0067_processed.jpg,celebrity_mtcnn_analysis/chinese_gongli/images/side_by_side/img_0067_comparison.jpg,celebrity_mtcnn_analysis/chinese_gongli/images/original_crops/img_0067_original.jpg
img_0068,images/celeb-dataset/chinese/gongli/images - 2025-07-22T155411.162.jpeg,0.9999498128890991,0.39286136627197266,50232,3350,25600,"[85, 37, 50, 67]",40,0.709,1.0,0.0,0.0,0.0,48.63864990234375,48.63864990234375,0.0,49.51525229187453,49.51525229187453,0.0,71.27160795549321,71.27160795549321,0.0,1.0,1.0,0.0,0.0,celebrity_mtcnn_analysis/chinese_gongli/images/processed_faces/img_0068_processed.jpg,celebrity_mtcnn_analysis/chinese_gongli/images/side_by_side/img_0068_comparison.jpg,celebrity_mtcnn_analysis/chinese_gongli/images/original_crops/img_0068_original.jpg
img_0069,images/celeb-dataset/chinese/gongli/download (12).jpeg,0.9999983906745911,0.4173433780670166,50432,8190,25600,"[107, 40, 78, 105]",40,0.709,1.0,0.0,0.0,0.0,74.81677433929444,74.81677433929444,0.0,48.795639433369075,48.795639433369075,0.0,43.803029183208324,43.803029183208324,0.0,1.0,1.0,0.0,0.0,celebrity_mtcnn_analysis/chinese_gongli/images/processed_faces/img_0069_processed.jpg,celebrity_mtcnn_analysis/chinese_gongli/images/side_by_side/img_0069_comparison.jpg,celebrity_mtcnn_analysis/chinese_gongli/images/original_crops/img_0069_original.jpg
img_0070,images/celeb-dataset/chinese/gongli/images - 2025-07-22T155411.156.jpeg,0.9999876022338867,0.4053788185119629,50325,6204,25600,"[123, 38, 66, 94]",40,0.709,1.0,0.0,0.0,0.0,86.29562938079835,86.29562938079835,0.0,50.73422513651617,50.73422513651617,0.0,57.62510747313169,57.62510747313169,0.0,1.0,1.0,0.0,0.0,celebrity_mtcnn_analysis/chinese_gongli/images/processed_faces/img_0070_processed.jpg,celebrity_mtcnn_analysis/chinese_gongli/images/side_by_side/img_0070_comparison.jpg,celebrity_mtcnn_analysis/chinese_gongli/images/original_crops/img_0070_original.jpg
img_0071,images/celeb-dataset/chinese/gongli/images - 2025-07-22T155411.354.jpeg,0.9999973177909851,0.39504051208496094,50268,2478,25600,"[98, 50, 42, 59]",40,0.709,1.0,0.0,0.0,0.0,24.335741204833983,24.335741204833983,0.0,40.35638636843677,40.35638636843677,0.0,59.583109140076594,59.583109140076594,0.0,1.0,1.0,0.0,0.0,celebrity_mtcnn_analysis/chinese_gongli/images/processed_faces/img_0071_processed.jpg,celebrity_mtcnn_analysis/chinese_gongli/images/side_by_side/img_0071_comparison.jpg,celebrity_mtcnn_analysis/chinese_gongli/images/original_crops/img_0071_original.jpg
img_0072,images/celeb-dataset/chinese/gongli/images - 2025-07-22T155411.291.jpeg,0.9988111257553101,0.38719868659973145,50400,7854,25600,"[87, 19, 77, 102]",40,0.709,1.0,0.0,0.0,0.0,113.02173582611086,113.02173582611086,0.0,49.64600715222419,49.64600715222419,0.0,46.33977252189837,46.33977252189837,0.0,1.0,1.0,0.0,0.0,celebrity_mtcnn_analysis/chinese_gongli/images/processed_faces/img_0072_processed.jpg,celebrity_mtcnn_analysis/chinese_gongli/images/side_by_side/img_0072_comparison.jpg,celebrity_mtcnn_analysis/chinese_gongli/images/original_crops/img_0072_original.jpg
img_0073,images/celeb-dataset/chinese/gongli/images (48).jpeg,0.9999581575393677,0.4883449077606201,50400,3024,25600,"[123, 23, 48, 63]",40,0.709,1.0,0.0,0.0,0.0,38.998908197021485,38.998908197021485,0.0,49.75713522374553,49.75713522374553,0.0,51.2391812099191,51.2391812099191,0.0,1.0,1.0,0.0,0.0,celebrity_mtcnn_analysis/chinese_gongli/images/processed_faces/img_0073_processed.jpg,celebrity_mtcnn_analysis/chinese_gongli/images/side_by_side/img_0073_comparison.jpg,celebrity_mtcnn_analysis/chinese_gongli/images/original_crops/img_0073_original.jpg
